<?xml version="1.0" encoding="UTF-8"?>
<math xmlns="http://www.w3.org/1998/Math/MathML" display="block"><semantics><mrow><mrow><mo fence="true" stretchy="false">(</mo><mrow><mrow><msub><mi>log</mi><mn>2</mn></msub><mrow><mo fence="true" stretchy="false">(</mo><mrow><mi>x</mi></mrow><mo fence="true" stretchy="false">)</mo></mrow></mrow></mrow><mo fence="true" stretchy="false">)</mo></mrow><mrow><mrow><mo fence="true" stretchy="false">(</mo><mrow><mrow><mi>x</mi><mo stretchy="false">+</mo><mn>2</mn></mrow></mrow><mo fence="true" stretchy="false">)</mo></mrow><mo stretchy="false">=</mo><mrow><mo stretchy="false">−</mo><mn>1</mn></mrow></mrow></mrow><annotation encoding="StarMath 5.0">(log_{2}( x ))(x + 2) = -1</annotation></semantics></math>