<?xml version="1.0" encoding="UTF-8"?>
<math xmlns="http://www.w3.org/1998/Math/MathML" display="block"><semantics><mrow><msub><mi>x</mi><mi>n</mi></msub><mo stretchy="false">=</mo><mrow><msub><mi>x</mi><mrow><mi>n</mi><mo stretchy="false">−</mo><mn>1</mn></mrow></msub><mo stretchy="false">−</mo><mfrac><mrow><mi>f</mi><mrow><mo fence="true" stretchy="false">(</mo><mrow><msub><mi>x</mi><mrow><mi>n</mi><mo stretchy="false">−</mo><mn>1</mn></mrow></msub></mrow><mo fence="true" stretchy="false">)</mo></mrow></mrow><mrow><mi>f</mi><mi>&apos;</mi><mrow><mo fence="true" stretchy="false">(</mo><mrow><msub><mi>x</mi><mrow><mi>n</mi><mo stretchy="false">−</mo><mn>1</mn></mrow></msub></mrow><mo fence="true" stretchy="false">)</mo></mrow></mrow></mfrac></mrow></mrow><annotation encoding="StarMath 5.0">x_{ n } = x_{ n - 1 } - { f(x_{ n - 1 }) } over { f&apos;(x_{ n - 1 }) } </annotation></semantics></math>