<?xml version="1.0" encoding="UTF-8"?>
<math xmlns="http://www.w3.org/1998/Math/MathML" display="block"><semantics><mrow><mi>f</mi><mi>&apos;</mi><mrow><mrow><mo fence="true" stretchy="false">(</mo><mrow><mi>x</mi></mrow><mo fence="true" stretchy="false">)</mo></mrow><mo stretchy="false">=</mo><mfrac><mrow><mrow><mi>x</mi><mo stretchy="false">+</mo><mi>x</mi></mrow><mi>ln</mi><mrow><mrow><mo fence="true" stretchy="false">(</mo><mrow><mi>x</mi></mrow><mo fence="true" stretchy="false">)</mo></mrow><mo stretchy="false">+</mo><mn>2</mn></mrow></mrow><mrow><mi>x</mi><mi>ln</mi><mrow><mo fence="true" stretchy="false">(</mo><mrow><mn>2</mn></mrow><mo fence="true" stretchy="false">)</mo></mrow></mrow></mfrac></mrow></mrow><annotation encoding="StarMath 5.0">f&apos;(x) ={x + x ln(x) + 2} over {x ln(2)}</annotation></semantics></math>