<?xml version="1.0" encoding="UTF-8"?>
<math xmlns="http://www.w3.org/1998/Math/MathML" display="block"><semantics><mrow><mrow><munderover><mo stretchy="false">∫</mo><mn>1</mn><mn>10</mn></munderover><msup><mi>x</mi><mn>2</mn></msup></mrow><mrow><mi mathvariant="italic">dx</mi><mo stretchy="false">=</mo><mi>F</mi></mrow><mrow><mrow><mo fence="true" stretchy="false">(</mo><mrow><mn>10</mn></mrow><mo fence="true" stretchy="false">)</mo></mrow><mo stretchy="false">−</mo><mi>F</mi></mrow><mrow><mrow><mo fence="true" stretchy="false">(</mo><mrow><mn>1</mn></mrow><mo fence="true" stretchy="false">)</mo></mrow><mo stretchy="false">=</mo><mrow><mfrac><msup><mn>10</mn><mn>3</mn></msup><mn>3</mn></mfrac><mo stretchy="false">−</mo><mfrac><msup><mn>1</mn><mn>3</mn></msup><mn>3</mn></mfrac></mrow><mo stretchy="false">=</mo><mfrac><mn>999</mn><mn>3</mn></mfrac><mo stretchy="false">=</mo><mn>333</mn></mrow></mrow><annotation encoding="StarMath 5.0">int from{1} to{10} x^2 dx = F(10) - F(1) = {10^3} over {3} - {1^3} over {3} = {999} over { 3 } = 333</annotation></semantics></math>