<?xml version="1.0" encoding="UTF-8"?>
<office:document-meta xmlns:grddl="http://www.w3.org/2003/g/data-view#" xmlns:meta="urn:oasis:names:tc:opendocument:xmlns:meta:1.0" xmlns:dc="http://purl.org/dc/elements/1.1/" xmlns:xlink="http://www.w3.org/1999/xlink" xmlns:ooo="http://openoffice.org/2004/office" xmlns:office="urn:oasis:names:tc:opendocument:xmlns:office:1.0" office:version="1.3"><office:meta><meta:creation-date>2020-09-13T14:13:34.495142326</meta:creation-date><dc:date>2020-10-18T00:02:37.767068184</dc:date><meta:editing-duration>PT13H40M13S</meta:editing-duration><meta:editing-cycles>51</meta:editing-cycles><meta:generator>LibreOffice/7.0.1.2$Linux_X86_64 LibreOffice_project/7cbcfc562f6eb6708b5ff7d7397325de9e764452</meta:generator><meta:document-statistic meta:table-count="7" meta:image-count="21" meta:object-count="0" meta:page-count="22" meta:paragraph-count="200" meta:word-count="503" meta:character-count="3773" meta:non-whitespace-character-count="3470"/></office:meta></office:document-meta>