<?xml version="1.0" encoding="UTF-8"?>
<office:document-content xmlns:officeooo="http://openoffice.org/2009/office" xmlns:css3t="http://www.w3.org/TR/css3-text/" xmlns:grddl="http://www.w3.org/2003/g/data-view#" xmlns:xhtml="http://www.w3.org/1999/xhtml" xmlns:formx="urn:openoffice:names:experimental:ooxml-odf-interop:xmlns:form:1.0" xmlns:xsi="http://www.w3.org/2001/XMLSchema-instance" xmlns:rpt="http://openoffice.org/2005/report" xmlns:dc="http://purl.org/dc/elements/1.1/" xmlns:chart="urn:oasis:names:tc:opendocument:xmlns:chart:1.0" xmlns:svg="urn:oasis:names:tc:opendocument:xmlns:svg-compatible:1.0" xmlns:draw="urn:oasis:names:tc:opendocument:xmlns:drawing:1.0" xmlns:text="urn:oasis:names:tc:opendocument:xmlns:text:1.0" xmlns:oooc="http://openoffice.org/2004/calc" xmlns:style="urn:oasis:names:tc:opendocument:xmlns:style:1.0" xmlns:ooow="http://openoffice.org/2004/writer" xmlns:meta="urn:oasis:names:tc:opendocument:xmlns:meta:1.0" xmlns:xlink="http://www.w3.org/1999/xlink" xmlns:fo="urn:oasis:names:tc:opendocument:xmlns:xsl-fo-compatible:1.0" xmlns:ooo="http://openoffice.org/2004/office" xmlns:office="urn:oasis:names:tc:opendocument:xmlns:office:1.0" xmlns:dr3d="urn:oasis:names:tc:opendocument:xmlns:dr3d:1.0" xmlns:table="urn:oasis:names:tc:opendocument:xmlns:table:1.0" xmlns:number="urn:oasis:names:tc:opendocument:xmlns:datastyle:1.0" xmlns:of="urn:oasis:names:tc:opendocument:xmlns:of:1.2" xmlns:calcext="urn:org:documentfoundation:names:experimental:calc:xmlns:calcext:1.0" xmlns:tableooo="http://openoffice.org/2009/table" xmlns:drawooo="http://openoffice.org/2010/draw" xmlns:loext="urn:org:documentfoundation:names:experimental:office:xmlns:loext:1.0" xmlns:dom="http://www.w3.org/2001/xml-events" xmlns:field="urn:openoffice:names:experimental:ooo-ms-interop:xmlns:field:1.0" xmlns:xsd="http://www.w3.org/2001/XMLSchema" xmlns:math="http://www.w3.org/1998/Math/MathML" xmlns:form="urn:oasis:names:tc:opendocument:xmlns:form:1.0" xmlns:script="urn:oasis:names:tc:opendocument:xmlns:script:1.0" xmlns:xforms="http://www.w3.org/2002/xforms" office:version="1.3"><office:scripts/><office:font-face-decls><style:font-face style:name="OpenSymbol" svg:font-family="OpenSymbol" style:font-charset="x-symbol"/><style:font-face style:name="Noto Sans Devanagari1" svg:font-family="&apos;Noto Sans Devanagari&apos;" style:font-family-generic="swiss"/><style:font-face style:name="Liberation Serif" svg:font-family="&apos;Liberation Serif&apos;" style:font-family-generic="roman" style:font-pitch="variable"/><style:font-face style:name="Liberation Sans" svg:font-family="&apos;Liberation Sans&apos;" style:font-family-generic="swiss" style:font-pitch="variable"/><style:font-face style:name="Noto Sans CJK SC" svg:font-family="&apos;Noto Sans CJK SC&apos;" style:font-family-generic="system" style:font-pitch="variable"/><style:font-face style:name="Noto Sans Devanagari" svg:font-family="&apos;Noto Sans Devanagari&apos;" style:font-family-generic="system" style:font-pitch="variable"/><style:font-face style:name="Noto Serif CJK SC" svg:font-family="&apos;Noto Serif CJK SC&apos;" style:font-family-generic="system" style:font-pitch="variable"/></office:font-face-decls><office:automatic-styles><style:style style:name="Таблица1" style:family="table"><style:table-properties style:width="17cm" table:align="margins" style:may-break-between-rows="true" table:border-model="collapsing"/></style:style><style:style style:name="Таблица1.A" style:family="table-column"><style:table-column-properties style:column-width="5.667cm" style:rel-column-width="21845*"/></style:style><style:style style:name="Таблица1.A1" style:family="table-cell"><style:table-cell-properties fo:background-color="transparent" fo:padding="0.097cm" fo:border-left="0.5pt solid #000000" fo:border-right="none" fo:border-top="0.5pt solid #000000" fo:border-bottom="0.5pt solid #000000" style:writing-mode="page"><style:background-image/></style:table-cell-properties></style:style><style:style style:name="Таблица1.C1" style:family="table-cell"><style:table-cell-properties fo:background-color="transparent" fo:padding="0.097cm" fo:border="0.5pt solid #000000" style:writing-mode="page"><style:background-image/></style:table-cell-properties></style:style><style:style style:name="Таблица1.2" style:family="table-row"><style:table-row-properties fo:keep-together="auto"/></style:style><style:style style:name="Таблица1.A2" style:family="table-cell"><style:table-cell-properties fo:background-color="transparent" fo:padding="0.097cm" fo:border-left="0.5pt solid #000000" fo:border-right="none" fo:border-top="none" fo:border-bottom="0.5pt solid #000000" style:writing-mode="page"><style:background-image/></style:table-cell-properties></style:style><style:style style:name="Таблица1.C2" style:family="table-cell"><style:table-cell-properties fo:background-color="transparent" fo:padding="0.097cm" fo:border-left="0.5pt solid #000000" fo:border-right="0.5pt solid #000000" fo:border-top="none" fo:border-bottom="0.5pt solid #000000" style:writing-mode="page"><style:background-image/></style:table-cell-properties></style:style><style:style style:name="Таблица2" style:family="table" style:master-page-name=""><style:table-properties style:width="17cm" style:page-number="auto" table:align="margins" style:shadow="none" style:may-break-between-rows="true" table:border-model="collapsing"/></style:style><style:style style:name="Таблица2.A" style:family="table-column"><style:table-column-properties style:column-width="5.667cm" style:rel-column-width="21845*"/></style:style><style:style style:name="Таблица2.A1" style:family="table-cell"><style:table-cell-properties fo:background-color="transparent" fo:padding="0.097cm" fo:border-left="0.5pt solid #000000" fo:border-right="none" fo:border-top="0.5pt solid #000000" fo:border-bottom="0.5pt solid #000000" style:writing-mode="page"><style:background-image/></style:table-cell-properties></style:style><style:style style:name="Таблица2.C1" style:family="table-cell"><style:table-cell-properties fo:background-color="transparent" fo:padding="0.097cm" fo:border="0.5pt solid #000000" style:writing-mode="page"><style:background-image/></style:table-cell-properties></style:style><style:style style:name="Таблица2.A2" style:family="table-cell"><style:table-cell-properties fo:background-color="transparent" fo:padding="0.097cm" fo:border-left="0.5pt solid #000000" fo:border-right="none" fo:border-top="none" fo:border-bottom="0.5pt solid #000000" style:writing-mode="page"><style:background-image/></style:table-cell-properties></style:style><style:style style:name="Таблица2.C2" style:family="table-cell"><style:table-cell-properties fo:background-color="transparent" fo:padding="0.097cm" fo:border-left="0.5pt solid #000000" fo:border-right="0.5pt solid #000000" fo:border-top="none" fo:border-bottom="0.5pt solid #000000" style:writing-mode="page"><style:background-image/></style:table-cell-properties></style:style><style:style style:name="Таблица2.5" style:family="table-row"><style:table-row-properties fo:keep-together="auto"/></style:style><style:style style:name="Таблица3" style:family="table"><style:table-properties style:width="17cm" table:align="margins"/></style:style><style:style style:name="Таблица3.A" style:family="table-column"><style:table-column-properties style:column-width="5.667cm" style:rel-column-width="21845*"/></style:style><style:style style:name="Таблица3.A1" style:family="table-cell"><style:table-cell-properties fo:background-color="transparent" fo:padding="0.097cm" fo:border-left="0.5pt solid #000000" fo:border-right="none" fo:border-top="0.5pt solid #000000" fo:border-bottom="0.5pt solid #000000" style:writing-mode="page"><style:background-image/></style:table-cell-properties></style:style><style:style style:name="Таблица3.C1" style:family="table-cell"><style:table-cell-properties fo:background-color="transparent" fo:padding="0.097cm" fo:border="0.5pt solid #000000" style:writing-mode="page"><style:background-image/></style:table-cell-properties></style:style><style:style style:name="Таблица3.A2" style:family="table-cell"><style:table-cell-properties fo:background-color="transparent" fo:padding="0.097cm" fo:border-left="0.5pt solid #000000" fo:border-right="none" fo:border-top="none" fo:border-bottom="0.5pt solid #000000" style:writing-mode="page"><style:background-image/></style:table-cell-properties></style:style><style:style style:name="Таблица3.C2" style:family="table-cell"><style:table-cell-properties fo:background-color="transparent" fo:padding="0.097cm" fo:border-left="0.5pt solid #000000" fo:border-right="0.5pt solid #000000" fo:border-top="none" fo:border-bottom="0.5pt solid #000000" style:writing-mode="page"><style:background-image/></style:table-cell-properties></style:style><style:style style:name="Таблица4" style:family="table"><style:table-properties table:align="margins"/></style:style><style:style style:name="Таблица4.A" style:family="table-column"><style:table-column-properties style:rel-column-width="65535*"/></style:style><style:style style:name="Таблица4.A1" style:family="table-cell"><style:table-cell-properties fo:background-color="transparent" fo:padding="0.097cm" fo:border-left="0.5pt solid #000000" fo:border-right="none" fo:border-top="0.5pt solid #000000" fo:border-bottom="0.5pt solid #000000" style:writing-mode="page"><style:background-image/></style:table-cell-properties></style:style><style:style style:name="Таблица4.A2" style:family="table-cell"><style:table-cell-properties fo:background-color="transparent" fo:padding="0.097cm" fo:border-left="0.5pt solid #000000" fo:border-right="none" fo:border-top="none" fo:border-bottom="0.5pt solid #000000" style:writing-mode="page"><style:background-image/></style:table-cell-properties></style:style><style:style style:name="Таблица5" style:family="table"><style:table-properties table:align="margins"/></style:style><style:style style:name="Таблица5.A" style:family="table-column"><style:table-column-properties style:rel-column-width="65535*"/></style:style><style:style style:name="Таблица5.A1" style:family="table-cell"><style:table-cell-properties fo:background-color="transparent" fo:padding="0.097cm" fo:border-left="0.5pt solid #000000" fo:border-right="none" fo:border-top="0.5pt solid #000000" fo:border-bottom="0.5pt solid #000000" style:writing-mode="page"><style:background-image/></style:table-cell-properties></style:style><style:style style:name="Таблица5.A2" style:family="table-cell"><style:table-cell-properties fo:background-color="transparent" fo:padding="0.097cm" fo:border-left="0.5pt solid #000000" fo:border-right="none" fo:border-top="none" fo:border-bottom="0.5pt solid #000000" style:writing-mode="page"><style:background-image/></style:table-cell-properties></style:style><style:style style:name="Таблица4" style:family="table"><style:table-properties table:align="margins"/></style:style><style:style style:name="Таблица4.A" style:family="table-column"><style:table-column-properties style:rel-column-width="65535*"/></style:style><style:style style:name="Таблица4.A1" style:family="table-cell"><style:table-cell-properties fo:background-color="transparent" fo:padding="0.097cm" fo:border-left="0.5pt solid #000000" fo:border-right="none" fo:border-top="0.5pt solid #000000" fo:border-bottom="0.5pt solid #000000" style:writing-mode="page"><style:background-image/></style:table-cell-properties></style:style><style:style style:name="Таблица4.A2" style:family="table-cell"><style:table-cell-properties fo:background-color="transparent" fo:padding="0.097cm" fo:border-left="0.5pt solid #000000" fo:border-right="none" fo:border-top="none" fo:border-bottom="0.5pt solid #000000" style:writing-mode="page"><style:background-image/></style:table-cell-properties></style:style><style:style style:name="Таблица5" style:family="table"><style:table-properties table:align="margins"/></style:style><style:style style:name="Таблица5.A" style:family="table-column"><style:table-column-properties style:rel-column-width="65535*"/></style:style><style:style style:name="Таблица5.A1" style:family="table-cell"><style:table-cell-properties fo:background-color="transparent" fo:padding="0.097cm" fo:border-left="0.5pt solid #000000" fo:border-right="none" fo:border-top="0.5pt solid #000000" fo:border-bottom="0.5pt solid #000000" style:writing-mode="page"><style:background-image/></style:table-cell-properties></style:style><style:style style:name="Таблица5.A2" style:family="table-cell"><style:table-cell-properties fo:background-color="transparent" fo:padding="0.097cm" fo:border-left="0.5pt solid #000000" fo:border-right="none" fo:border-top="none" fo:border-bottom="0.5pt solid #000000" style:writing-mode="page"><style:background-image/></style:table-cell-properties></style:style><style:style style:name="P1" style:family="paragraph" style:parent-style-name="Header"><style:paragraph-properties fo:text-align="end" style:justify-single-word="false"/><style:text-properties officeooo:rsid="000a002d" officeooo:paragraph-rsid="000a002d"/></style:style><style:style style:name="P2" style:family="paragraph" style:parent-style-name="Header"><style:paragraph-properties fo:text-align="end" style:justify-single-word="false"/><style:text-properties officeooo:paragraph-rsid="000a002d"/></style:style><style:style style:name="P3" style:family="paragraph" style:parent-style-name="Footer"><style:paragraph-properties fo:text-align="center" style:justify-single-word="false"/></style:style><style:style style:name="P4" style:family="paragraph" style:parent-style-name="Table_20_Contents"><style:paragraph-properties fo:text-align="center" style:justify-single-word="false"/><style:text-properties fo:color="#000000" loext:opacity="100%" style:text-outline="false" style:text-line-through-style="none" style:text-line-through-type="none" style:font-name="Liberation Serif" fo:font-size="12pt" fo:font-style="normal" fo:text-shadow="none" style:text-underline-style="none" fo:font-weight="normal" officeooo:rsid="003011ea" officeooo:paragraph-rsid="003011ea" style:font-size-asian="12pt" style:font-style-asian="normal" style:font-weight-asian="normal" style:font-size-complex="12pt" style:font-style-complex="normal" style:font-weight-complex="normal" style:text-overline-style="none" style:text-overline-color="font-color"/></style:style><style:style style:name="P5" style:family="paragraph" style:parent-style-name="Table_20_Contents"><style:paragraph-properties fo:text-align="center" style:justify-single-word="false"/><style:text-properties fo:color="#000000" loext:opacity="100%" style:text-outline="false" style:text-line-through-style="none" style:text-line-through-type="none" style:font-name="Liberation Serif" fo:font-size="12pt" fo:font-style="normal" fo:text-shadow="none" style:text-underline-style="none" fo:font-weight="normal" officeooo:rsid="003011ea" officeooo:paragraph-rsid="00346600" style:font-size-asian="12pt" style:font-style-asian="normal" style:font-weight-asian="normal" style:font-size-complex="12pt" style:font-style-complex="normal" style:font-weight-complex="normal" style:text-overline-style="none" style:text-overline-color="font-color"/></style:style><style:style style:name="P6" style:family="paragraph" style:parent-style-name="Table_20_Contents"><style:paragraph-properties fo:text-align="center" style:justify-single-word="false"/><style:text-properties fo:color="#000000" loext:opacity="100%" style:text-outline="false" style:text-line-through-style="none" style:text-line-through-type="none" style:font-name="Liberation Serif" fo:font-size="12pt" fo:font-style="normal" fo:text-shadow="none" style:text-underline-style="none" fo:font-weight="normal" officeooo:rsid="00346600" officeooo:paragraph-rsid="00346600" style:font-size-asian="12pt" style:font-style-asian="normal" style:font-weight-asian="normal" style:font-size-complex="12pt" style:font-style-complex="normal" style:font-weight-complex="normal" style:text-overline-style="none" style:text-overline-color="font-color"/></style:style><style:style style:name="P7" style:family="paragraph" style:parent-style-name="Table_20_Contents"><style:paragraph-properties fo:text-align="center" style:justify-single-word="false"/><style:text-properties fo:color="#000000" loext:opacity="100%" style:text-outline="false" style:text-line-through-style="none" style:text-line-through-type="none" style:font-name="Liberation Serif" fo:font-size="12pt" fo:font-style="normal" fo:text-shadow="none" style:text-underline-style="none" fo:font-weight="normal" officeooo:rsid="003fd588" officeooo:paragraph-rsid="003fd588" style:font-size-asian="12pt" style:font-style-asian="normal" style:font-weight-asian="normal" style:font-size-complex="12pt" style:font-style-complex="normal" style:font-weight-complex="normal" style:text-overline-style="none" style:text-overline-color="font-color"/></style:style><style:style style:name="P8" style:family="paragraph" style:parent-style-name="Table_20_Contents"><style:paragraph-properties fo:text-align="center" style:justify-single-word="false"/><style:text-properties fo:color="#000000" loext:opacity="100%" style:text-outline="false" style:text-line-through-style="none" style:text-line-through-type="none" style:font-name="Liberation Serif" fo:font-size="12pt" fo:font-style="normal" fo:text-shadow="none" style:text-underline-style="none" fo:font-weight="normal" officeooo:rsid="002b4068" officeooo:paragraph-rsid="002b4068" style:font-size-asian="12pt" style:font-style-asian="normal" style:font-weight-asian="normal" style:font-size-complex="12pt" style:font-style-complex="normal" style:font-weight-complex="normal" style:text-overline-style="none" style:text-overline-color="font-color"/></style:style><style:style style:name="P9" style:family="paragraph" style:parent-style-name="Table_20_Contents"><style:paragraph-properties fo:text-align="center" style:justify-single-word="false"/><style:text-properties fo:color="#000000" loext:opacity="100%" style:text-outline="false" style:text-line-through-style="none" style:text-line-through-type="none" style:font-name="Liberation Serif" fo:font-size="12pt" fo:font-style="normal" fo:text-shadow="none" style:text-underline-style="none" fo:font-weight="bold" officeooo:rsid="003011ea" officeooo:paragraph-rsid="00346600" style:font-size-asian="12pt" style:font-style-asian="normal" style:font-weight-asian="bold" style:font-size-complex="12pt" style:font-style-complex="normal" style:font-weight-complex="bold" style:text-overline-style="none" style:text-overline-color="font-color"/></style:style><style:style style:name="P10" style:family="paragraph" style:parent-style-name="Table_20_Contents"><style:paragraph-properties fo:text-align="center" style:justify-single-word="false"/><style:text-properties fo:color="#000000" loext:opacity="100%" style:text-outline="false" style:text-line-through-style="none" style:text-line-through-type="none" style:font-name="Liberation Serif" fo:font-size="12pt" fo:font-style="normal" fo:text-shadow="none" style:text-underline-style="none" fo:font-weight="bold" officeooo:rsid="002b4068" officeooo:paragraph-rsid="002b4068" style:font-size-asian="12pt" style:font-style-asian="normal" style:font-weight-asian="bold" style:font-size-complex="12pt" style:font-style-complex="normal" style:font-weight-complex="bold" style:text-overline-style="none" style:text-overline-color="font-color"/></style:style><style:style style:name="P11" style:family="paragraph" style:parent-style-name="Text_20_body"><style:paragraph-properties fo:text-align="center" style:justify-single-word="false"/><style:text-properties officeooo:paragraph-rsid="0027054a"/></style:style><style:style style:name="P12" style:family="paragraph" style:parent-style-name="Text_20_body"><style:paragraph-properties fo:text-align="center" style:justify-single-word="false"/><style:text-properties officeooo:paragraph-rsid="004ccf99"/></style:style><style:style style:name="P13" style:family="paragraph" style:parent-style-name="Text_20_body"><style:paragraph-properties fo:text-align="center" style:justify-single-word="false"/><style:text-properties style:font-name="Liberation Sans" fo:font-size="14.1000003814697pt" fo:font-weight="bold" officeooo:rsid="0027054a" officeooo:paragraph-rsid="0027054a" style:font-name-asian="Noto Sans CJK SC" style:font-size-asian="14.1000003814697pt" style:font-weight-asian="bold" style:font-name-complex="Noto Sans Devanagari" style:font-size-complex="14.1000003814697pt" style:font-weight-complex="bold"/></style:style><style:style style:name="P14" style:family="paragraph" style:parent-style-name="Text_20_body"><style:paragraph-properties fo:text-align="center" style:justify-single-word="false"/><style:text-properties style:font-name="Liberation Sans" fo:font-size="14.1000003814697pt" fo:font-weight="bold" officeooo:rsid="0027054a" officeooo:paragraph-rsid="00346600" style:font-name-asian="Noto Sans CJK SC" style:font-size-asian="14.1000003814697pt" style:font-weight-asian="bold" style:font-name-complex="Noto Sans Devanagari" style:font-size-complex="14.1000003814697pt" style:font-weight-complex="bold"/></style:style><style:style style:name="P15" style:family="paragraph" style:parent-style-name="Text_20_body"><style:paragraph-properties fo:text-align="start" style:justify-single-word="false"/><style:text-properties style:font-name="Liberation Sans" fo:font-size="14.1000003814697pt" fo:font-weight="bold" officeooo:rsid="0027054a" officeooo:paragraph-rsid="0027054a" style:font-name-asian="Noto Sans CJK SC" style:font-size-asian="14.1000003814697pt" style:font-weight-asian="bold" style:font-name-complex="Noto Sans Devanagari" style:font-size-complex="14.1000003814697pt" style:font-weight-complex="bold"/></style:style><style:style style:name="P16" style:family="paragraph" style:parent-style-name="Header"><style:paragraph-properties fo:text-align="end" style:justify-single-word="false"/><style:text-properties officeooo:paragraph-rsid="000a002d"/></style:style><style:style style:name="P17" style:family="paragraph" style:parent-style-name="Heading_20_3"><style:text-properties officeooo:paragraph-rsid="0027054a"/></style:style><style:style style:name="P18" style:family="paragraph" style:parent-style-name="Heading_20_3"><style:paragraph-properties fo:text-align="center" style:justify-single-word="false"/><style:text-properties officeooo:rsid="0032a735" officeooo:paragraph-rsid="004ccf99"/></style:style><style:style style:name="P19" style:family="paragraph" style:parent-style-name="Heading_20_3"><style:text-properties officeooo:paragraph-rsid="004e9f15"/></style:style><style:style style:name="P20" style:family="paragraph" style:parent-style-name="Heading_20_3"><style:paragraph-properties fo:text-align="center" style:justify-single-word="false"/><style:text-properties officeooo:paragraph-rsid="004e9f15"/></style:style><style:style style:name="P21" style:family="paragraph" style:parent-style-name="Table_20_Contents"><style:paragraph-properties fo:text-align="center" style:justify-single-word="false"/><style:text-properties fo:color="#000000" loext:opacity="100%" style:text-outline="false" style:text-line-through-style="none" style:text-line-through-type="none" style:font-name="Liberation Serif" fo:font-size="12pt" fo:font-style="normal" fo:text-shadow="none" style:text-underline-style="none" fo:font-weight="normal" officeooo:rsid="003011ea" officeooo:paragraph-rsid="0037f170" style:font-size-asian="12pt" style:font-style-asian="normal" style:font-weight-asian="normal" style:font-size-complex="12pt" style:font-style-complex="normal" style:font-weight-complex="normal" style:text-overline-style="none" style:text-overline-color="font-color"/></style:style><style:style style:name="P22" style:family="paragraph" style:parent-style-name="Table_20_Contents"><style:paragraph-properties fo:text-align="start" style:justify-single-word="false"/><style:text-properties fo:color="#000000" loext:opacity="100%" style:text-outline="false" style:text-line-through-style="none" style:text-line-through-type="none" style:font-name="Liberation Serif" fo:font-size="12pt" fo:font-style="normal" fo:text-shadow="none" style:text-underline-style="none" fo:font-weight="normal" officeooo:rsid="003011ea" officeooo:paragraph-rsid="003011ea" style:font-size-asian="12pt" style:font-style-asian="normal" style:font-weight-asian="normal" style:font-size-complex="12pt" style:font-style-complex="normal" style:font-weight-complex="normal" style:text-overline-style="none" style:text-overline-color="font-color"/></style:style><style:style style:name="P23" style:family="paragraph" style:parent-style-name="Table_20_Contents"><style:paragraph-properties fo:text-align="center" style:justify-single-word="false"/><style:text-properties fo:color="#000000" loext:opacity="100%" style:text-outline="false" style:text-line-through-style="none" style:text-line-through-type="none" style:font-name="Liberation Serif" fo:font-size="12pt" fo:font-style="normal" fo:text-shadow="none" style:text-underline-style="none" fo:font-weight="normal" officeooo:rsid="00346600" officeooo:paragraph-rsid="0037f170" style:font-size-asian="12pt" style:font-style-asian="normal" style:font-weight-asian="normal" style:font-size-complex="12pt" style:font-style-complex="normal" style:font-weight-complex="normal" style:text-overline-style="none" style:text-overline-color="font-color"/></style:style><style:style style:name="P24" style:family="paragraph" style:parent-style-name="Table_20_Contents"><style:paragraph-properties fo:text-align="center" style:justify-single-word="false"/><style:text-properties fo:color="#000000" loext:opacity="100%" style:text-outline="false" style:text-line-through-style="none" style:text-line-through-type="none" style:font-name="Liberation Serif" fo:font-size="12pt" fo:font-style="normal" fo:text-shadow="none" style:text-underline-style="none" fo:font-weight="normal" officeooo:rsid="00540d4c" officeooo:paragraph-rsid="00540d4c" style:font-size-asian="12pt" style:font-style-asian="normal" style:font-weight-asian="normal" style:font-size-complex="12pt" style:font-style-complex="normal" style:font-weight-complex="normal" style:text-overline-style="none" style:text-overline-color="font-color"/></style:style><style:style style:name="P25" style:family="paragraph" style:parent-style-name="Table_20_Contents"><style:paragraph-properties fo:text-align="start" style:justify-single-word="false"/><style:text-properties fo:color="#000000" loext:opacity="100%" style:text-outline="false" style:text-line-through-style="none" style:text-line-through-type="none" style:font-name="Liberation Serif" fo:font-size="12pt" fo:font-style="normal" fo:text-shadow="none" style:text-underline-style="none" fo:font-weight="normal" officeooo:rsid="00540d4c" officeooo:paragraph-rsid="00540d4c" style:font-size-asian="12pt" style:font-style-asian="normal" style:font-weight-asian="normal" style:font-size-complex="12pt" style:font-style-complex="normal" style:font-weight-complex="normal" style:text-overline-style="none" style:text-overline-color="font-color"/></style:style><style:style style:name="P26" style:family="paragraph" style:parent-style-name="Table_20_Contents"><style:paragraph-properties fo:text-align="start" style:justify-single-word="false"/><style:text-properties fo:color="#000000" loext:opacity="100%" style:text-outline="false" style:text-line-through-style="none" style:text-line-through-type="none" style:font-name="Liberation Serif" fo:font-size="12pt" fo:font-style="normal" fo:text-shadow="none" style:text-underline-style="none" fo:font-weight="normal" officeooo:rsid="00551f40" officeooo:paragraph-rsid="00551f40" style:font-size-asian="12pt" style:font-style-asian="normal" style:font-weight-asian="normal" style:font-size-complex="12pt" style:font-style-complex="normal" style:font-weight-complex="normal" style:text-overline-style="none" style:text-overline-color="font-color"/></style:style><style:style style:name="P27" style:family="paragraph" style:parent-style-name="Text_20_body"><style:text-properties fo:font-weight="bold" officeooo:rsid="000c41be" officeooo:paragraph-rsid="0033c0a1" style:font-weight-asian="bold" style:font-weight-complex="bold"/></style:style><style:style style:name="P28" style:family="paragraph" style:parent-style-name="Text_20_body"><style:text-properties officeooo:paragraph-rsid="0033c0a1"/></style:style><style:style style:name="P29" style:family="paragraph" style:parent-style-name="Text_20_body"><style:text-properties officeooo:paragraph-rsid="004e9f15"/></style:style><style:style style:name="P30" style:family="paragraph" style:parent-style-name="Text_20_body"><style:paragraph-properties fo:text-align="center" style:justify-single-word="false"/><style:text-properties officeooo:paragraph-rsid="004ccf99"/></style:style><style:style style:name="P31" style:family="paragraph" style:parent-style-name="Text_20_body"><style:paragraph-properties fo:text-align="center" style:justify-single-word="false"/><style:text-properties officeooo:rsid="0027054a" officeooo:paragraph-rsid="0032a735"/></style:style><style:style style:name="P32" style:family="paragraph" style:parent-style-name="Text_20_body"><style:text-properties style:font-name="Liberation Sans" fo:font-size="14.1000003814697pt" fo:font-weight="bold" officeooo:rsid="0027054a" officeooo:paragraph-rsid="004e9f15" style:font-name-asian="Noto Sans CJK SC" style:font-size-asian="14.1000003814697pt" style:font-weight-asian="bold" style:font-name-complex="Noto Sans Devanagari" style:font-size-complex="14.1000003814697pt" style:font-weight-complex="bold"/></style:style><style:style style:name="P33" style:family="paragraph" style:parent-style-name="Text_20_body"><style:paragraph-properties fo:text-align="center" style:justify-single-word="false"/><style:text-properties style:font-name="Liberation Sans" fo:font-size="14.1000003814697pt" fo:font-weight="bold" officeooo:rsid="0027054a" officeooo:paragraph-rsid="0027054a" style:font-name-asian="Noto Sans CJK SC" style:font-size-asian="14.1000003814697pt" style:font-weight-asian="bold" style:font-name-complex="Noto Sans Devanagari" style:font-size-complex="14.1000003814697pt" style:font-weight-complex="bold"/></style:style><style:style style:name="T1" style:family="text"><style:text-properties officeooo:rsid="000a002d"/></style:style><style:style style:name="T2" style:family="text"><style:text-properties officeooo:rsid="00287895"/></style:style><style:style style:name="T3" style:family="text"><style:text-properties officeooo:rsid="0027054a"/></style:style><style:style style:name="T4" style:family="text"><style:text-properties style:font-name="Liberation Sans" fo:font-size="18.2000007629395pt" fo:font-weight="bold" officeooo:rsid="0027054a" style:font-name-asian="Noto Sans CJK SC" style:font-size-asian="18.2000007629395pt" style:font-weight-asian="bold" style:font-name-complex="Noto Sans Devanagari" style:font-size-complex="18.2000007629395pt" style:font-weight-complex="bold"/></style:style><style:style style:name="T5" style:family="text"><style:text-properties style:font-name="Liberation Sans" fo:font-size="18.2000007629395pt" fo:font-weight="bold" officeooo:rsid="004ccf99" style:font-name-asian="Noto Sans CJK SC" style:font-size-asian="18.2000007629395pt" style:font-weight-asian="bold" style:font-name-complex="Noto Sans Devanagari" style:font-size-complex="18.2000007629395pt" style:font-weight-complex="bold"/></style:style><style:style style:name="T6" style:family="text"><style:text-properties style:font-name="Liberation Sans" fo:font-size="14.1000003814697pt" fo:font-weight="bold" style:font-name-asian="Noto Sans CJK SC" style:font-size-asian="14.1000003814697pt" style:font-weight-asian="bold" style:font-name-complex="Noto Sans Devanagari" style:font-size-complex="14.1000003814697pt" style:font-weight-complex="bold"/></style:style><style:style style:name="T7" style:family="text"><style:text-properties fo:font-weight="bold" style:font-weight-asian="bold" style:font-weight-complex="bold"/></style:style><style:style style:name="T8" style:family="text"><style:text-properties fo:font-weight="bold" officeooo:rsid="000c41be" style:font-weight-asian="bold" style:font-weight-complex="bold"/></style:style><style:style style:name="T9" style:family="text"><style:text-properties fo:font-weight="normal" style:font-weight-asian="normal" style:font-weight-complex="normal"/></style:style><style:style style:name="T10" style:family="text"><style:text-properties style:font-name="Liberation Serif" officeooo:rsid="004e9f15"/></style:style><style:style style:name="fr1" style:family="graphic" style:parent-style-name="Graphics"><style:graphic-properties style:run-through="foreground" style:wrap="none" style:vertical-pos="from-top" style:vertical-rel="paragraph" style:horizontal-pos="from-left" style:horizontal-rel="paragraph" style:mirror="none" fo:clip="rect(0cm, 0cm, 0cm, 0cm)" draw:luminance="0%" draw:contrast="0%" draw:red="0%" draw:green="0%" draw:blue="0%" draw:gamma="100%" draw:color-inversion="false" draw:image-opacity="100%" draw:color-mode="standard"/></style:style><style:style style:name="fr2" style:family="graphic" style:parent-style-name="Graphics"><style:graphic-properties style:run-through="foreground" style:wrap="none" style:vertical-pos="top" style:vertical-rel="paragraph" style:horizontal-pos="center" style:horizontal-rel="paragraph" style:mirror="none" fo:clip="rect(0cm, 0cm, 0cm, 0cm)" draw:luminance="0%" draw:contrast="0%" draw:red="0%" draw:green="0%" draw:blue="0%" draw:gamma="100%" draw:color-inversion="false" draw:image-opacity="100%" draw:color-mode="standard"/></style:style><style:style style:name="fr3" style:family="graphic" style:parent-style-name="Graphics"><style:graphic-properties style:run-through="foreground" style:wrap="none" style:mirror="none" fo:clip="rect(0cm, 0cm, 0cm, 0cm)" draw:luminance="0%" draw:contrast="0%" draw:red="0%" draw:green="0%" draw:blue="0%" draw:gamma="100%" draw:color-inversion="false" draw:image-opacity="100%" draw:color-mode="standard"/></style:style><style:style style:name="fr4" style:family="graphic" style:parent-style-name="Formula"><style:graphic-properties style:vertical-pos="from-top" draw:ole-draw-aspect="1" draw:visible-area-top="0cm" draw:visible-area-width="10cm" draw:visible-area-height="10cm"/></style:style></office:automatic-styles><office:body><office:text text:use-soft-page-breaks="true"><office:forms form:automatic-focus="false" form:apply-design-mode="false"/><text:tracked-changes><text:changed-region xml:id="ct106700656" text:id="ct106700656"><text:deletion><office:change-info><dc:creator>&lt;анонимный&gt;</dc:creator><dc:date>2020-10-15T20:50:59</dc:date></office:change-info><text:h text:style-name="Heading_20_1" text:outline-level="1">Самостоятельная работа №1</text:h></text:deletion></text:changed-region><text:changed-region xml:id="ct107389488" text:id="ct107389488"><text:insertion><office:change-info><dc:creator>&lt;анонимный&gt;</dc:creator><dc:date>2020-10-15T20:50:59</dc:date></office:change-info></text:insertion></text:changed-region><text:changed-region xml:id="ct106716480" text:id="ct106716480"><text:insertion><office:change-info><dc:creator>&lt;анонимный&gt;</dc:creator><dc:date>2020-10-15T20:51:00</dc:date></office:change-info></text:insertion></text:changed-region><text:changed-region xml:id="ct106718128" text:id="ct106718128"><text:insertion><office:change-info><dc:creator>&lt;анонимный&gt;</dc:creator><dc:date>2020-10-25T18:56:15</dc:date></office:change-info></text:insertion></text:changed-region><text:changed-region xml:id="ct139091984" text:id="ct139091984"><text:insertion><office:change-info><dc:creator>&lt;анонимный&gt;</dc:creator><dc:date>2020-10-25T19:22:58</dc:date></office:change-info></text:insertion></text:changed-region><text:changed-region xml:id="ct106719600" text:id="ct106719600"><text:deletion><office:change-info><dc:creator>&lt;анонимный&gt;</dc:creator><dc:date>2020-10-25T18:59:22</dc:date></office:change-info><text:h text:style-name="P20" text:outline-level="3">: </text:h></text:deletion></text:changed-region><text:changed-region xml:id="ct138600576" text:id="ct138600576"><text:insertion><office:change-info><dc:creator>&lt;анонимный&gt;</dc:creator><dc:date>2020-10-25T19:24:06</dc:date></office:change-info></text:insertion></text:changed-region><text:changed-region xml:id="ct106725584" text:id="ct106725584"><text:insertion><office:change-info><dc:creator>&lt;анонимный&gt;</dc:creator><dc:date>2020-10-15T20:54:27</dc:date></office:change-info></text:insertion></text:changed-region><text:changed-region xml:id="ct106730608" text:id="ct106730608"><text:insertion><office:change-info><dc:creator>&lt;анонимный&gt;</dc:creator><dc:date>2020-10-15T20:54:27</dc:date></office:change-info></text:insertion></text:changed-region><text:changed-region xml:id="ct106721152" text:id="ct106721152"><text:insertion><office:change-info><dc:creator>&lt;анонимный&gt;</dc:creator><dc:date>2020-10-15T20:54:27</dc:date></office:change-info></text:insertion></text:changed-region><text:changed-region xml:id="ct106732912" text:id="ct106732912"><text:insertion><office:change-info><dc:creator>&lt;анонимный&gt;</dc:creator><dc:date>2020-10-15T20:54:27</dc:date></office:change-info></text:insertion></text:changed-region><text:changed-region xml:id="ct106726464" text:id="ct106726464"><text:insertion><office:change-info><dc:creator>&lt;анонимный&gt;</dc:creator><dc:date>2020-10-25T18:59:53</dc:date></office:change-info></text:insertion></text:changed-region><text:changed-region xml:id="ct106743776" text:id="ct106743776"><text:insertion><office:change-info><dc:creator>&lt;анонимный&gt;</dc:creator><dc:date>2020-10-15T20:54:27</dc:date></office:change-info></text:insertion></text:changed-region><text:changed-region xml:id="ct106748000" text:id="ct106748000"><text:insertion><office:change-info><dc:creator>&lt;анонимный&gt;</dc:creator><dc:date>2020-10-15T22:21:17</dc:date></office:change-info></text:insertion></text:changed-region><text:changed-region xml:id="ct107220704" text:id="ct107220704"><text:insertion><office:change-info><dc:creator>&lt;анонимный&gt;</dc:creator><dc:date>2020-10-15T20:54:27</dc:date></office:change-info></text:insertion></text:changed-region><text:changed-region xml:id="ct107846960" text:id="ct107846960"><text:insertion><office:change-info><dc:creator>&lt;анонимный&gt;</dc:creator><dc:date>2020-10-15T20:54:27</dc:date></office:change-info></text:insertion></text:changed-region><text:changed-region xml:id="ct145382208" text:id="ct145382208"><text:insertion><office:change-info><dc:creator>&lt;анонимный&gt;</dc:creator><dc:date>2020-10-25T21:03:02</dc:date></office:change-info></text:insertion></text:changed-region><text:changed-region xml:id="ct145563056" text:id="ct145563056"><text:insertion><office:change-info><dc:creator>&lt;анонимный&gt;</dc:creator><dc:date>2020-10-25T21:03:02</dc:date></office:change-info></text:insertion></text:changed-region><text:changed-region xml:id="ct177155952" text:id="ct177155952"><text:insertion><office:change-info><dc:creator>&lt;анонимный&gt;</dc:creator><dc:date>2020-10-25T21:03:02</dc:date></office:change-info></text:insertion></text:changed-region><text:changed-region xml:id="ct203595328" text:id="ct203595328"><text:insertion><office:change-info><dc:creator>&lt;анонимный&gt;</dc:creator><dc:date>2020-10-25T21:03:02</dc:date></office:change-info></text:insertion></text:changed-region><text:changed-region xml:id="ct203595680" text:id="ct203595680"><text:insertion><office:change-info><dc:creator>&lt;анонимный&gt;</dc:creator><dc:date>2020-10-25T21:03:02</dc:date></office:change-info></text:insertion></text:changed-region><text:changed-region xml:id="ct145203328" text:id="ct145203328"><text:insertion><office:change-info><dc:creator>&lt;анонимный&gt;</dc:creator><dc:date>2020-10-25T21:03:02</dc:date></office:change-info></text:insertion></text:changed-region><text:changed-region xml:id="ct111964896" text:id="ct111964896"><text:insertion><office:change-info><dc:creator>&lt;анонимный&gt;</dc:creator><dc:date>2020-10-25T21:03:12</dc:date></office:change-info></text:insertion></text:changed-region><text:changed-region xml:id="ct200853776" text:id="ct200853776"><text:insertion><office:change-info><dc:creator>&lt;анонимный&gt;</dc:creator><dc:date>2020-10-25T21:03:18</dc:date></office:change-info></text:insertion></text:changed-region><text:changed-region xml:id="ct145379904" text:id="ct145379904"><text:insertion><office:change-info><dc:creator>&lt;анонимный&gt;</dc:creator><dc:date>2020-10-25T21:03:43</dc:date></office:change-info></text:insertion></text:changed-region><text:changed-region xml:id="ct170845312" text:id="ct170845312"><text:insertion><office:change-info><dc:creator>&lt;анонимный&gt;</dc:creator><dc:date>2020-10-25T21:03:12</dc:date></office:change-info></text:insertion></text:changed-region><text:changed-region xml:id="ct163014848" text:id="ct163014848"><text:insertion><office:change-info><dc:creator>&lt;анонимный&gt;</dc:creator><dc:date>2020-10-25T21:03:21</dc:date></office:change-info></text:insertion></text:changed-region><text:changed-region xml:id="ct144509696" text:id="ct144509696"><text:insertion><office:change-info><dc:creator>&lt;анонимный&gt;</dc:creator><dc:date>2020-10-25T21:03:54</dc:date></office:change-info></text:insertion></text:changed-region><text:changed-region xml:id="ct106744368" text:id="ct106744368"><text:insertion><office:change-info><dc:creator>&lt;анонимный&gt;</dc:creator><dc:date>2020-10-18T13:38:43</dc:date></office:change-info></text:insertion></text:changed-region><text:changed-region xml:id="ct106775408" text:id="ct106775408"><text:insertion><office:change-info><dc:creator>&lt;анонимный&gt;</dc:creator><dc:date>2020-10-15T20:54:27</dc:date></office:change-info></text:insertion></text:changed-region><text:changed-region xml:id="ct106776720" text:id="ct106776720"><text:deletion><office:change-info><dc:creator>&lt;анонимный&gt;</dc:creator><dc:date>2020-10-15T20:55:41</dc:date></office:change-info><text:p text:style-name="P28"><text:span text:style-name="T7">Задача­:</text:span></text:p></text:deletion></text:changed-region><text:changed-region xml:id="ct106776480" text:id="ct106776480"><text:deletion><office:change-info><dc:creator>&lt;анонимный&gt;</dc:creator><dc:date>2020-10-15T20:51:15</dc:date></office:change-info><text:p text:style-name="P28"><text:a xlink:type="simple" xlink:href="http://docs.cntd.ru/document/9041994" text:style-name="Internet_20_link" text:visited-style-name="Visited_20_Internet_20_Link"><text:span text:style-name="T8">Источник</text:span></text:a><text:span text:style-name="T7">Задание 2: ГОСТ на написание блок–схем</text:span></text:p><text:p text:style-name="P27"/><text:p text:style-name="P28"><text:span text:style-name="T7"/></text:p></text:deletion></text:changed-region><text:changed-region xml:id="ct106776240" text:id="ct106776240"><text:deletion><office:change-info><dc:creator>&lt;анонимный&gt;</dc:creator><dc:date>2020-09-13T16:33:25</dc:date></office:change-info><text:p text:style-name="P28"><text:span text:style-name="T7"/></text:p><text:p text:style-name="P28"><text:span text:style-name="T7"/></text:p></text:deletion></text:changed-region><text:changed-region xml:id="ct106776000" text:id="ct106776000"><text:deletion><office:change-info><dc:creator>&lt;анонимный&gt;</dc:creator><dc:date>2020-10-15T20:51:15</dc:date></office:change-info><text:p text:style-name="P28"><text:span text:style-name="T7">Задание 3: Вспомогательные формулы</text:span></text:p></text:deletion></text:changed-region><text:changed-region xml:id="ct106778176" text:id="ct106778176"><text:insertion><office:change-info><dc:creator>&lt;анонимный&gt;</dc:creator><dc:date>2020-10-15T20:55:44</dc:date></office:change-info></text:insertion></text:changed-region><text:changed-region xml:id="ct157906400" text:id="ct157906400"><text:insertion><office:change-info><dc:creator>&lt;анонимный&gt;</dc:creator><dc:date>2020-10-25T19:28:24</dc:date></office:change-info></text:insertion></text:changed-region><text:changed-region xml:id="ct106779408" text:id="ct106779408"><text:insertion><office:change-info><dc:creator>&lt;анонимный&gt;</dc:creator><dc:date>2020-10-15T23:03:23</dc:date></office:change-info></text:insertion></text:changed-region><text:changed-region xml:id="ct214296928" text:id="ct214296928"><text:insertion><office:change-info><dc:creator>&lt;анонимный&gt;</dc:creator><dc:date>2020-10-25T19:35:15</dc:date></office:change-info></text:insertion></text:changed-region><text:changed-region xml:id="ct204767920" text:id="ct204767920"><text:deletion><office:change-info><dc:creator>&lt;анонимный&gt;</dc:creator><dc:date>2020-10-25T19:35:05</dc:date></office:change-info><text:p text:style-name="P31"><text:span text:style-name="T6"><draw:frame draw:style-name="fr4" draw:name="Объект1" text:anchor-type="as-char" svg:y="-0.377cm" svg:width="0.201cm" svg:height="0.467cm" draw:z-index="6"><draw:object-ole xlink:href="./Object 12" xlink:type="simple" xlink:show="embed" xlink:actuate="onLoad"/><draw:image xlink:href="./ObjectReplacements/Object 12" xlink:type="simple" xlink:show="embed" xlink:actuate="onLoad"/><svg:desc>OLE-объект</svg:desc></draw:frame></text:span></text:p></text:deletion></text:changed-region><text:changed-region xml:id="ct106784784" text:id="ct106784784"><text:insertion><office:change-info><dc:creator>&lt;анонимный&gt;</dc:creator><dc:date>2020-10-15T20:57:24</dc:date></office:change-info></text:insertion></text:changed-region><text:changed-region xml:id="ct106788512" text:id="ct106788512"><text:insertion><office:change-info><dc:creator>&lt;анонимный&gt;</dc:creator><dc:date>2020-10-15T20:57:24</dc:date></office:change-info></text:insertion></text:changed-region><text:changed-region xml:id="ct106728848" text:id="ct106728848"><text:insertion><office:change-info><dc:creator>&lt;анонимный&gt;</dc:creator><dc:date>2020-10-15T20:57:24</dc:date></office:change-info></text:insertion></text:changed-region><text:changed-region xml:id="ct106790592" text:id="ct106790592"><text:insertion><office:change-info><dc:creator>&lt;анонимный&gt;</dc:creator><dc:date>2020-10-15T20:57:24</dc:date></office:change-info></text:insertion></text:changed-region><text:changed-region xml:id="ct170351856" text:id="ct170351856"><text:insertion><office:change-info><dc:creator>&lt;анонимный&gt;</dc:creator><dc:date>2020-10-25T20:14:48</dc:date></office:change-info></text:insertion></text:changed-region><text:changed-region xml:id="ct106792048" text:id="ct106792048"><text:deletion><office:change-info><dc:creator>&lt;анонимный&gt;</dc:creator><dc:date>2020-10-16T13:08:01</dc:date></office:change-info><text:p text:style-name="P24"/><table:table table:name="Таблица4" table:style-name="Таблица4"><table:table-column table:style-name="Таблица4.A"/><table:table-row><table:table-cell table:style-name="Таблица4.A1" office:value-type="string"><text:p text:style-name="P21">real</text:p></table:table-cell></table:table-row><table:table-row><table:table-cell table:style-name="Таблица4.A2" office:value-type="string"><text:p text:style-name="P23">real</text:p></table:table-cell></table:table-row><table:table-row><table:table-cell table:style-name="Таблица4.A2" office:value-type="string"><text:p text:style-name="P23">real</text:p></table:table-cell></table:table-row><table:table-row><table:table-cell table:style-name="Таблица4.A2" office:value-type="string"><text:p text:style-name="P23">real</text:p></table:table-cell></table:table-row></table:table><text:p text:style-name="P24"/></text:deletion></text:changed-region><text:changed-region xml:id="ct214137760" text:id="ct214137760"><text:insertion><office:change-info><dc:creator>&lt;анонимный&gt;</dc:creator><dc:date>2020-10-25T20:15:11</dc:date></office:change-info></text:insertion></text:changed-region><text:changed-region xml:id="ct37776256" text:id="ct37776256"><text:insertion><office:change-info><dc:creator>&lt;анонимный&gt;</dc:creator><dc:date>2020-10-25T20:15:14</dc:date></office:change-info></text:insertion></text:changed-region><text:changed-region xml:id="ct177197120" text:id="ct177197120"><text:insertion><office:change-info><dc:creator>&lt;анонимный&gt;</dc:creator><dc:date>2020-10-25T20:14:52</dc:date></office:change-info></text:insertion></text:changed-region><text:changed-region xml:id="ct205177248" text:id="ct205177248"><text:insertion><office:change-info><dc:creator>&lt;анонимный&gt;</dc:creator><dc:date>2020-10-25T20:14:58</dc:date></office:change-info></text:insertion></text:changed-region><text:changed-region xml:id="ct111381200" text:id="ct111381200"><text:insertion><office:change-info><dc:creator>&lt;анонимный&gt;</dc:creator><dc:date>2020-10-25T20:15:00</dc:date></office:change-info></text:insertion></text:changed-region><text:changed-region xml:id="ct170095520" text:id="ct170095520"><text:insertion><office:change-info><dc:creator>&lt;анонимный&gt;</dc:creator><dc:date>2020-10-25T20:15:20</dc:date></office:change-info></text:insertion></text:changed-region><text:changed-region xml:id="ct142407824" text:id="ct142407824"><text:insertion><office:change-info><dc:creator>&lt;анонимный&gt;</dc:creator><dc:date>2020-10-25T20:14:53</dc:date></office:change-info></text:insertion></text:changed-region><text:changed-region xml:id="ct204303568" text:id="ct204303568"><text:insertion><office:change-info><dc:creator>&lt;анонимный&gt;</dc:creator><dc:date>2020-10-25T20:15:09</dc:date></office:change-info></text:insertion></text:changed-region><text:changed-region xml:id="ct144046192" text:id="ct144046192"><text:insertion><office:change-info><dc:creator>&lt;анонимный&gt;</dc:creator><dc:date>2020-10-25T20:15:27</dc:date></office:change-info></text:insertion></text:changed-region><text:changed-region xml:id="ct200736912" text:id="ct200736912"><text:insertion><office:change-info><dc:creator>&lt;анонимный&gt;</dc:creator><dc:date>2020-10-25T20:14:53</dc:date></office:change-info></text:insertion></text:changed-region><text:changed-region xml:id="ct106780000" text:id="ct106780000"><text:deletion><office:change-info><dc:creator>&lt;анонимный&gt;</dc:creator><dc:date>2020-10-16T13:08:04</dc:date></office:change-info><text:p text:style-name="P24"/><table:table table:name="Таблица5" table:style-name="Таблица5"><table:table-column table:style-name="Таблица5.A"/><table:table-row><table:table-cell table:style-name="Таблица5.A1" office:value-type="string"><text:p text:style-name="P21">real</text:p></table:table-cell></table:table-row><table:table-row><table:table-cell table:style-name="Таблица5.A2" office:value-type="string"><text:p text:style-name="P23">real</text:p></table:table-cell></table:table-row><table:table-row><table:table-cell table:style-name="Таблица5.A2" office:value-type="string"><text:p text:style-name="P23">real</text:p></table:table-cell></table:table-row><table:table-row><table:table-cell table:style-name="Таблица5.A2" office:value-type="string"><text:p text:style-name="P23">real</text:p></table:table-cell></table:table-row></table:table><text:p text:style-name="P24"/></text:deletion></text:changed-region><text:changed-region xml:id="ct200777008" text:id="ct200777008"><text:insertion><office:change-info><dc:creator>&lt;анонимный&gt;</dc:creator><dc:date>2020-10-25T20:15:09</dc:date></office:change-info></text:insertion></text:changed-region><text:changed-region xml:id="ct200774480" text:id="ct200774480"><text:insertion><office:change-info><dc:creator>&lt;анонимный&gt;</dc:creator><dc:date>2020-10-25T20:15:28</dc:date></office:change-info></text:insertion></text:changed-region><text:changed-region xml:id="ct106785664" text:id="ct106785664"><text:insertion><office:change-info><dc:creator>&lt;анонимный&gt;</dc:creator><dc:date>2020-10-15T20:57:24</dc:date></office:change-info></text:insertion></text:changed-region><text:changed-region xml:id="ct106813296" text:id="ct106813296"><text:insertion><office:change-info><dc:creator>&lt;анонимный&gt;</dc:creator><dc:date>2020-10-16T13:07:47</dc:date></office:change-info></text:insertion></text:changed-region></text:tracked-changes><text:sequence-decls><text:sequence-decl text:display-outline-level="0" text:name="Illustration"/><text:sequence-decl text:display-outline-level="0" text:name="Table"/><text:sequence-decl text:display-outline-level="0" text:name="Text"/><text:sequence-decl text:display-outline-level="0" text:name="Drawing"/><text:sequence-decl text:display-outline-level="0" text:name="Figure"/></text:sequence-decls><text:h text:style-name="Heading_20_1" text:outline-level="1"><text:change text:change-id="ct106700656"/><text:change-start text:change-id="ct107389488"/><text:span text:style-name="T4">Л</text:span><text:change-end text:change-id="ct107389488"/><text:change-start text:change-id="ct106716480"/><text:span text:style-name="T4">абораторная работа №</text:span><text:change-end text:change-id="ct106716480"/><text:change-start text:change-id="ct106718128"/><text:span text:style-name="T5">6</text:span><text:change-end text:change-id="ct106718128"/></text:h><text:h text:style-name="P19" text:outline-level="3">Задание 1<text:change-start text:change-id="ct139091984"/></text:h><text:h text:style-name="P20" text:outline-level="3"><text:change-end text:change-id="ct139091984"/><text:change text:change-id="ct106719600"/><text:change-start text:change-id="ct138600576"/><text:span text:style-name="T10">Задание: </text:span></text:h><text:p text:style-name="P29"><draw:frame draw:style-name="fr3" draw:name="Изображение1" text:anchor-type="char" svg:width="17cm" svg:height="8.43cm" draw:z-index="0"><draw:image xlink:href="Pictures/1000000000000363000001AE6152F40988A4D1C4.png" xlink:type="simple" xlink:show="embed" xlink:actuate="onLoad" draw:mime-type="image/png"/></draw:frame><text:change-end text:change-id="ct138600576"/><text:change-start text:change-id="ct106725584"/><text:span text:style-name="T10"/></text:p><text:h text:style-name="P18" text:outline-level="3">Математическая модель задачи</text:h><text:p text:style-name="P12"><draw:frame draw:style-name="fr3" draw:name="Изображение2" text:anchor-type="char" svg:width="17cm" svg:height="4.292cm" draw:z-index="1"><draw:image xlink:href="Pictures/1000000000000324000000CBFF44CF13B916CB8B.png" xlink:type="simple" xlink:show="embed" xlink:actuate="onLoad" draw:mime-type="image/png"/></draw:frame></text:p><text:p text:style-name="P12"/><text:p text:style-name="P12"/><text:p text:style-name="P12"/><text:p text:style-name="P12"/><text:p text:style-name="P12"/><text:p text:style-name="P13"><text:soft-page-break/>Блок-схема</text:p><text:p text:style-name="P13"/><text:p text:style-name="P13"/><text:p text:style-name="P13">Описание переменных<text:change-end text:change-id="ct106725584"/></text:p><table:table table:name="Таблица1" table:style-name="Таблица1" table:template-name="Default Style"><table:table-column table:style-name="Таблица1.A" table:number-columns-repeated="3"/><table:table-row><table:table-cell table:style-name="Таблица1.A1" office:value-type="string"><text:p text:style-name="P10"><text:change-start text:change-id="ct106730608"/>Переменная<text:change-end text:change-id="ct106730608"/></text:p></table:table-cell><table:table-cell table:style-name="Таблица1.A1" office:value-type="string"><text:p text:style-name="P10"><text:change-start text:change-id="ct106721152"/>Тип<text:change-end text:change-id="ct106721152"/></text:p></table:table-cell><table:table-cell table:style-name="Таблица1.C1" office:value-type="string"><text:p text:style-name="P10"><text:change-start text:change-id="ct106732912"/>Суть<text:change-end text:change-id="ct106732912"/></text:p></table:table-cell></table:table-row><table:table-row table:style-name="Таблица1.2"><table:table-cell table:style-name="Таблица1.A2" office:value-type="string"><text:p text:style-name="P7"/></table:table-cell><table:table-cell table:style-name="Таблица1.A2" office:value-type="string"><text:p text:style-name="P8"/></table:table-cell><table:table-cell table:style-name="Таблица1.C2" office:value-type="string"><text:p text:style-name="P8"/></table:table-cell></table:table-row></table:table><text:p text:style-name="P13"><text:change-start text:change-id="ct106726464"/></text:p><text:p text:style-name="P13"><text:change-end text:change-id="ct106726464"/><text:change-start text:change-id="ct106743776"/>Код программы</text:p><text:p text:style-name="P11"/><text:p text:style-name="P11"/><text:h text:style-name="P17" text:outline-level="3">Задание <text:span text:style-name="T3">2</text:span></text:h><text:p text:style-name="P29"><text:span text:style-name="T7">Задача: </text:span><text:span text:style-name="T9">Одномерный массив вводится пользователем с клавиатуры. Переставить элементы массива, стоящие на четных и нечетных местах. Задачу решить без проверки на четность индексов массива.</text:span></text:p><text:p text:style-name="P32"/><text:p text:style-name="P13">Блок-схема</text:p><text:p text:style-name="P13"><draw:frame draw:style-name="fr2" draw:name="Изображение5" text:anchor-type="char" svg:width="4.618cm" svg:height="20.53cm" draw:z-index="4"><draw:image xlink:href="Pictures/10000000000002F000000D0F7E3FD66515A5EC2A.png" xlink:type="simple" xlink:show="embed" xlink:actuate="onLoad" draw:mime-type="image/png"/></draw:frame><text:soft-page-break/></text:p><text:p text:style-name="P13"/><text:p text:style-name="P13"><text:soft-page-break/>Описание переменных<text:change-end text:change-id="ct106743776"/></text:p><table:table table:name="Таблица2" table:style-name="Таблица2" table:template-name="Default Style"><table:table-column table:style-name="Таблица2.A" table:number-columns-repeated="3"/><table:table-row><table:table-cell table:style-name="Таблица2.A1" office:value-type="string"><text:p text:style-name="P22"><text:change-start text:change-id="ct106748000"/>Переменная<text:change-end text:change-id="ct106748000"/></text:p></table:table-cell><table:table-cell table:style-name="Таблица2.A1" office:value-type="string"><text:p text:style-name="P22"><text:change-start text:change-id="ct107220704"/>Тип<text:change-end text:change-id="ct107220704"/></text:p></table:table-cell><table:table-cell table:style-name="Таблица2.C1" office:value-type="string"><text:p text:style-name="P22"><text:change-start text:change-id="ct107846960"/>Суть<text:change-end text:change-id="ct107846960"/></text:p></table:table-cell></table:table-row><table:table-row><table:table-cell table:style-name="Таблица2.A2" office:value-type="string"><text:p text:style-name="P25"><text:change-start text:change-id="ct145382208"/>i<text:change-end text:change-id="ct145382208"/></text:p></table:table-cell><table:table-cell table:style-name="Таблица2.A2" office:value-type="string"><text:p text:style-name="P25"><text:change-start text:change-id="ct145563056"/>integer<text:change-end text:change-id="ct145563056"/></text:p></table:table-cell><table:table-cell table:style-name="Таблица2.C2" office:value-type="string"><text:p text:style-name="P25"><text:change-start text:change-id="ct177155952"/>Счетчик цикла<text:change-end text:change-id="ct177155952"/></text:p></table:table-cell></table:table-row><table:table-row><table:table-cell table:style-name="Таблица2.A2" office:value-type="string"><text:p text:style-name="P25"><text:change-start text:change-id="ct203595328"/>a<text:change-end text:change-id="ct203595328"/></text:p></table:table-cell><table:table-cell table:style-name="Таблица2.A2" office:value-type="string"><text:p text:style-name="P25"><text:change-start text:change-id="ct203595680"/>Array of integer<text:change-end text:change-id="ct203595680"/></text:p></table:table-cell><table:table-cell table:style-name="Таблица2.C2" office:value-type="string"><text:p text:style-name="P25"><text:change-start text:change-id="ct145203328"/>Массив a<text:change-end text:change-id="ct145203328"/></text:p></table:table-cell></table:table-row><table:table-row><table:table-cell table:style-name="Таблица2.A2" office:value-type="string"><text:p text:style-name="P26"><text:change-start text:change-id="ct111964896"/>a1<text:change-end text:change-id="ct111964896"/></text:p></table:table-cell><table:table-cell table:style-name="Таблица2.A2" office:value-type="string"><text:p text:style-name="P26"><text:change-start text:change-id="ct200853776"/>integer<text:change-end text:change-id="ct200853776"/></text:p></table:table-cell><table:table-cell table:style-name="Таблица2.C2" office:value-type="string"><text:p text:style-name="P26"><text:change-start text:change-id="ct145379904"/>Нечетный эл-т массива<text:change-end text:change-id="ct145379904"/></text:p></table:table-cell></table:table-row><table:table-row table:style-name="Таблица2.5"><table:table-cell table:style-name="Таблица2.A2" office:value-type="string"><text:p text:style-name="P26"><text:change-start text:change-id="ct170845312"/>a2<text:change-end text:change-id="ct170845312"/></text:p></table:table-cell><table:table-cell table:style-name="Таблица2.A2" office:value-type="string"><text:p text:style-name="P26"><text:change-start text:change-id="ct163014848"/>integer<text:change-end text:change-id="ct163014848"/></text:p></table:table-cell><table:table-cell table:style-name="Таблица2.C2" office:value-type="string"><text:p text:style-name="P26"><text:change-start text:change-id="ct144509696"/>Четный эл-т массива<text:change-end text:change-id="ct144509696"/></text:p></table:table-cell></table:table-row></table:table><text:p text:style-name="P13"><text:change-start text:change-id="ct106744368"/></text:p><text:p text:style-name="P13"><text:change-end text:change-id="ct106744368"/><text:change-start text:change-id="ct106775408"/>Код программы</text:p><text:p text:style-name="P13"><draw:frame draw:style-name="fr2" draw:name="Изображение4" text:anchor-type="char" svg:width="16.514cm" svg:height="21.181cm" draw:z-index="3"><draw:image xlink:href="Pictures/100000000000032A0000040F7B8D5BF64E1CF3C3.png" xlink:type="simple" xlink:show="embed" xlink:actuate="onLoad" draw:mime-type="image/png"/></draw:frame><text:soft-page-break/></text:p><text:p text:style-name="P13"/><text:h text:style-name="P17" text:outline-level="3"><text:soft-page-break/>Задание <text:span text:style-name="T3">3</text:span><text:change-end text:change-id="ct106775408"/></text:h><text:p text:style-name="P28"><text:change text:change-id="ct106776720"/><text:change text:change-id="ct106776480"/><text:change text:change-id="ct106776240"/><text:change text:change-id="ct106776000"/><text:change-start text:change-id="ct106778176"/><text:span text:style-name="T7">Задача: </text:span><text:change-end text:change-id="ct106778176"/><text:change-start text:change-id="ct157906400"/><text:span text:style-name="T9">Заданы массивы A(5) и B(5). Получить массив C(10), расположив в начале его элементы массива A, а затем – элементы массива B. Для формирования массива С использовать один цикл.</text:span><text:change-end text:change-id="ct157906400"/><text:change-start text:change-id="ct106779408"/></text:p><text:p text:style-name="P31"><text:change-end text:change-id="ct106779408"/><text:change-start text:change-id="ct214296928"/><text:span text:style-name="T6"/></text:p><text:p text:style-name="P31"><text:change-end text:change-id="ct214296928"/><text:change text:change-id="ct204767920"/><text:change-start text:change-id="ct106784784"/><text:span text:style-name="T6">Блок-схема</text:span></text:p><text:p text:style-name="P13"><draw:frame draw:style-name="fr1" draw:name="Изображение6" text:anchor-type="char" svg:x="5.925cm" svg:y="0.004cm" svg:width="5.152cm" svg:height="18.81cm" draw:z-index="5"><draw:image xlink:href="Pictures/10000000000003D300000D2B0C5ACF9B4BC6677D.png" xlink:type="simple" xlink:show="embed" xlink:actuate="onLoad" draw:mime-type="image/png"/></draw:frame><text:soft-page-break/></text:p><text:p text:style-name="P13"/><text:p text:style-name="P13">Описание переменных<text:change-end text:change-id="ct106784784"/></text:p><table:table table:name="Таблица3" table:style-name="Таблица3"><table:table-column table:style-name="Таблица3.A" table:number-columns-repeated="3"/><table:table-row><table:table-cell table:style-name="Таблица3.A1" office:value-type="string"><text:p text:style-name="P9"><text:change-start text:change-id="ct106788512"/>Переменная<text:change-end text:change-id="ct106788512"/></text:p></table:table-cell><table:table-cell table:style-name="Таблица3.A1" office:value-type="string"><text:p text:style-name="P9"><text:change-start text:change-id="ct106728848"/>Тип<text:change-end text:change-id="ct106728848"/></text:p></table:table-cell><table:table-cell table:style-name="Таблица3.C1" office:value-type="string"><text:p text:style-name="P9"><text:change-start text:change-id="ct106790592"/>Суть<text:change-end text:change-id="ct106790592"/></text:p></table:table-cell></table:table-row><text:soft-page-break/><table:table-row><table:table-cell table:style-name="Таблица3.A2" office:value-type="string"><text:p text:style-name="P24"><text:change-start text:change-id="ct170351856"/>i<text:change-end text:change-id="ct170351856"/></text:p></table:table-cell><table:table-cell table:style-name="Таблица3.A2" office:value-type="string"><text:p text:style-name="P24"><text:change text:change-id="ct106792048"/><text:change-start text:change-id="ct214137760"/>integer<text:change-end text:change-id="ct214137760"/></text:p></table:table-cell><table:table-cell table:style-name="Таблица3.C2" office:value-type="string"><text:p text:style-name="P24"><text:change-start text:change-id="ct37776256"/>Счетчик цикла<text:change-end text:change-id="ct37776256"/></text:p></table:table-cell></table:table-row><table:table-row><table:table-cell table:style-name="Таблица3.A2" office:value-type="string"><text:p text:style-name="P24"><text:change-start text:change-id="ct177197120"/>a<text:change-end text:change-id="ct177197120"/></text:p></table:table-cell><table:table-cell table:style-name="Таблица3.A2" office:value-type="string"><text:p text:style-name="P24"><text:change-start text:change-id="ct205177248"/>Array <text:change-end text:change-id="ct205177248"/><text:change-start text:change-id="ct111381200"/>of integer<text:change-end text:change-id="ct111381200"/></text:p></table:table-cell><table:table-cell table:style-name="Таблица3.C2" office:value-type="string"><text:p text:style-name="P24"><text:change-start text:change-id="ct170095520"/>Массив a<text:change-end text:change-id="ct170095520"/></text:p></table:table-cell></table:table-row><table:table-row><table:table-cell table:style-name="Таблица3.A2" office:value-type="string"><text:p text:style-name="P24"><text:change-start text:change-id="ct142407824"/>b<text:change-end text:change-id="ct142407824"/></text:p></table:table-cell><table:table-cell table:style-name="Таблица3.A2" office:value-type="string"><text:p text:style-name="P24"><text:change-start text:change-id="ct204303568"/>Array of integer<text:change-end text:change-id="ct204303568"/></text:p></table:table-cell><table:table-cell table:style-name="Таблица3.C2" office:value-type="string"><text:p text:style-name="P24"><text:change-start text:change-id="ct144046192"/>Массив b<text:change-end text:change-id="ct144046192"/></text:p></table:table-cell></table:table-row><table:table-row><table:table-cell table:style-name="Таблица3.A2" office:value-type="string"><text:p text:style-name="P24"><text:change-start text:change-id="ct200736912"/>c<text:change-end text:change-id="ct200736912"/></text:p></table:table-cell><table:table-cell table:style-name="Таблица3.A2" office:value-type="string"><text:p text:style-name="P24"><text:change text:change-id="ct106780000"/><text:change-start text:change-id="ct200777008"/>Array of integer<text:change-end text:change-id="ct200777008"/></text:p></table:table-cell><table:table-cell table:style-name="Таблица3.C2" office:value-type="string"><text:p text:style-name="P24"><text:change-start text:change-id="ct200774480"/>Массив c<text:change-end text:change-id="ct200774480"/></text:p></table:table-cell></table:table-row></table:table><text:p text:style-name="P14"><text:change-start text:change-id="ct106785664"/></text:p><text:p text:style-name="P14">Код программы<text:change-end text:change-id="ct106785664"/><text:change-start text:change-id="ct106813296"/></text:p><text:p text:style-name="P14"><draw:frame draw:style-name="fr2" draw:name="Изображение3" text:anchor-type="char" svg:width="15.085cm" svg:height="15.951cm" draw:z-index="2"><draw:image xlink:href="Pictures/1000000000000285000002AA9FC8A4804295B262.png" xlink:type="simple" xlink:show="embed" xlink:actuate="onLoad" draw:mime-type="image/png"/></draw:frame><text:change-end text:change-id="ct106813296"/></text:p></office:text></office:body></office:document-content>