<?xml version="1.0" encoding="UTF-8"?>
<office:document-content xmlns:officeooo="http://openoffice.org/2009/office" xmlns:css3t="http://www.w3.org/TR/css3-text/" xmlns:grddl="http://www.w3.org/2003/g/data-view#" xmlns:xhtml="http://www.w3.org/1999/xhtml" xmlns:formx="urn:openoffice:names:experimental:ooxml-odf-interop:xmlns:form:1.0" xmlns:xsi="http://www.w3.org/2001/XMLSchema-instance" xmlns:rpt="http://openoffice.org/2005/report" xmlns:dc="http://purl.org/dc/elements/1.1/" xmlns:chart="urn:oasis:names:tc:opendocument:xmlns:chart:1.0" xmlns:svg="urn:oasis:names:tc:opendocument:xmlns:svg-compatible:1.0" xmlns:draw="urn:oasis:names:tc:opendocument:xmlns:drawing:1.0" xmlns:text="urn:oasis:names:tc:opendocument:xmlns:text:1.0" xmlns:oooc="http://openoffice.org/2004/calc" xmlns:style="urn:oasis:names:tc:opendocument:xmlns:style:1.0" xmlns:ooow="http://openoffice.org/2004/writer" xmlns:meta="urn:oasis:names:tc:opendocument:xmlns:meta:1.0" xmlns:xlink="http://www.w3.org/1999/xlink" xmlns:fo="urn:oasis:names:tc:opendocument:xmlns:xsl-fo-compatible:1.0" xmlns:ooo="http://openoffice.org/2004/office" xmlns:office="urn:oasis:names:tc:opendocument:xmlns:office:1.0" xmlns:dr3d="urn:oasis:names:tc:opendocument:xmlns:dr3d:1.0" xmlns:table="urn:oasis:names:tc:opendocument:xmlns:table:1.0" xmlns:number="urn:oasis:names:tc:opendocument:xmlns:datastyle:1.0" xmlns:of="urn:oasis:names:tc:opendocument:xmlns:of:1.2" xmlns:calcext="urn:org:documentfoundation:names:experimental:calc:xmlns:calcext:1.0" xmlns:tableooo="http://openoffice.org/2009/table" xmlns:drawooo="http://openoffice.org/2010/draw" xmlns:loext="urn:org:documentfoundation:names:experimental:office:xmlns:loext:1.0" xmlns:dom="http://www.w3.org/2001/xml-events" xmlns:field="urn:openoffice:names:experimental:ooo-ms-interop:xmlns:field:1.0" xmlns:xsd="http://www.w3.org/2001/XMLSchema" xmlns:math="http://www.w3.org/1998/Math/MathML" xmlns:form="urn:oasis:names:tc:opendocument:xmlns:form:1.0" xmlns:script="urn:oasis:names:tc:opendocument:xmlns:script:1.0" xmlns:xforms="http://www.w3.org/2002/xforms" office:version="1.3"><office:scripts/><office:font-face-decls><style:font-face style:name="OpenSymbol" svg:font-family="OpenSymbol" style:font-charset="x-symbol"/><style:font-face style:name="Noto Sans Devanagari1" svg:font-family="&apos;Noto Sans Devanagari&apos;" style:font-family-generic="swiss"/><style:font-face style:name="Liberation Serif" svg:font-family="&apos;Liberation Serif&apos;" style:font-family-generic="roman" style:font-pitch="variable"/><style:font-face style:name="Liberation Sans" svg:font-family="&apos;Liberation Sans&apos;" style:font-family-generic="swiss" style:font-pitch="variable"/><style:font-face style:name="Noto Sans CJK SC" svg:font-family="&apos;Noto Sans CJK SC&apos;" style:font-family-generic="system" style:font-pitch="variable"/><style:font-face style:name="Noto Sans Devanagari" svg:font-family="&apos;Noto Sans Devanagari&apos;" style:font-family-generic="system" style:font-pitch="variable"/><style:font-face style:name="Noto Serif CJK SC" svg:font-family="&apos;Noto Serif CJK SC&apos;" style:font-family-generic="system" style:font-pitch="variable"/></office:font-face-decls><office:automatic-styles><style:style style:name="Таблица1" style:family="table"><style:table-properties style:width="17cm" table:align="margins" style:may-break-between-rows="true" table:border-model="collapsing"/></style:style><style:style style:name="Таблица1.A" style:family="table-column"><style:table-column-properties style:column-width="5.667cm" style:rel-column-width="21845*"/></style:style><style:style style:name="Таблица1.A1" style:family="table-cell"><style:table-cell-properties fo:background-color="transparent" fo:padding="0.097cm" fo:border-left="0.5pt solid #000000" fo:border-right="none" fo:border-top="0.5pt solid #000000" fo:border-bottom="0.5pt solid #000000" style:writing-mode="page"><style:background-image/></style:table-cell-properties></style:style><style:style style:name="Таблица1.C1" style:family="table-cell"><style:table-cell-properties fo:background-color="transparent" fo:padding="0.097cm" fo:border="0.5pt solid #000000" style:writing-mode="page"><style:background-image/></style:table-cell-properties></style:style><style:style style:name="Таблица1.2" style:family="table-row"><style:table-row-properties fo:keep-together="auto"/></style:style><style:style style:name="Таблица1.A2" style:family="table-cell"><style:table-cell-properties fo:background-color="transparent" fo:padding="0.097cm" fo:border-left="0.5pt solid #000000" fo:border-right="none" fo:border-top="none" fo:border-bottom="0.5pt solid #000000" style:writing-mode="page"><style:background-image/></style:table-cell-properties></style:style><style:style style:name="Таблица1.C2" style:family="table-cell"><style:table-cell-properties fo:background-color="transparent" fo:padding="0.097cm" fo:border-left="0.5pt solid #000000" fo:border-right="0.5pt solid #000000" fo:border-top="none" fo:border-bottom="0.5pt solid #000000" style:writing-mode="page"><style:background-image/></style:table-cell-properties></style:style><style:style style:name="Таблица2" style:family="table"><style:table-properties style:width="17cm" table:align="margins" style:may-break-between-rows="true" table:border-model="collapsing"/></style:style><style:style style:name="Таблица2.A" style:family="table-column"><style:table-column-properties style:column-width="5.667cm" style:rel-column-width="21845*"/></style:style><style:style style:name="Таблица2.A1" style:family="table-cell"><style:table-cell-properties fo:background-color="transparent" fo:padding="0.097cm" fo:border-left="0.5pt solid #000000" fo:border-right="none" fo:border-top="0.5pt solid #000000" fo:border-bottom="0.5pt solid #000000" style:writing-mode="page"><style:background-image/></style:table-cell-properties></style:style><style:style style:name="Таблица2.C1" style:family="table-cell"><style:table-cell-properties fo:background-color="transparent" fo:padding="0.097cm" fo:border="0.5pt solid #000000" style:writing-mode="page"><style:background-image/></style:table-cell-properties></style:style><style:style style:name="Таблица2.A2" style:family="table-cell"><style:table-cell-properties fo:background-color="transparent" fo:padding="0.097cm" fo:border-left="0.5pt solid #000000" fo:border-right="none" fo:border-top="none" fo:border-bottom="0.5pt solid #000000" style:writing-mode="page"><style:background-image/></style:table-cell-properties></style:style><style:style style:name="Таблица2.C2" style:family="table-cell"><style:table-cell-properties fo:background-color="transparent" fo:padding="0.097cm" fo:border-left="0.5pt solid #000000" fo:border-right="0.5pt solid #000000" fo:border-top="none" fo:border-bottom="0.5pt solid #000000" style:writing-mode="page"><style:background-image/></style:table-cell-properties></style:style><style:style style:name="Таблица2.5" style:family="table-row"><style:table-row-properties fo:keep-together="auto"/></style:style><style:style style:name="Таблица3" style:family="table"><style:table-properties style:width="17cm" table:align="margins"/></style:style><style:style style:name="Таблица3.A" style:family="table-column"><style:table-column-properties style:column-width="5.667cm" style:rel-column-width="21845*"/></style:style><style:style style:name="Таблица3.A1" style:family="table-cell"><style:table-cell-properties fo:background-color="transparent" fo:padding="0.097cm" fo:border-left="0.5pt solid #000000" fo:border-right="none" fo:border-top="0.5pt solid #000000" fo:border-bottom="0.5pt solid #000000" style:writing-mode="page"><style:background-image/></style:table-cell-properties></style:style><style:style style:name="Таблица3.C1" style:family="table-cell"><style:table-cell-properties fo:background-color="transparent" fo:padding="0.097cm" fo:border="0.5pt solid #000000" style:writing-mode="page"><style:background-image/></style:table-cell-properties></style:style><style:style style:name="Таблица3.A2" style:family="table-cell"><style:table-cell-properties fo:background-color="transparent" fo:padding="0.097cm" fo:border-left="0.5pt solid #000000" fo:border-right="none" fo:border-top="none" fo:border-bottom="0.5pt solid #000000" style:writing-mode="page"><style:background-image/></style:table-cell-properties></style:style><style:style style:name="Таблица3.C2" style:family="table-cell"><style:table-cell-properties fo:background-color="transparent" fo:padding="0.097cm" fo:border-left="0.5pt solid #000000" fo:border-right="0.5pt solid #000000" fo:border-top="none" fo:border-bottom="0.5pt solid #000000" style:writing-mode="page"><style:background-image/></style:table-cell-properties></style:style><style:style style:name="Таблица4" style:family="table"><style:table-properties table:align="margins"/></style:style><style:style style:name="Таблица4.A" style:family="table-column"><style:table-column-properties style:rel-column-width="65535*"/></style:style><style:style style:name="Таблица4.A1" style:family="table-cell"><style:table-cell-properties fo:background-color="transparent" fo:padding="0.097cm" fo:border-left="0.5pt solid #000000" fo:border-right="none" fo:border-top="0.5pt solid #000000" fo:border-bottom="0.5pt solid #000000" style:writing-mode="page"><style:background-image/></style:table-cell-properties></style:style><style:style style:name="Таблица4.A2" style:family="table-cell"><style:table-cell-properties fo:background-color="transparent" fo:padding="0.097cm" fo:border-left="0.5pt solid #000000" fo:border-right="none" fo:border-top="none" fo:border-bottom="0.5pt solid #000000" style:writing-mode="page"><style:background-image/></style:table-cell-properties></style:style><style:style style:name="Таблица5" style:family="table"><style:table-properties table:align="margins"/></style:style><style:style style:name="Таблица5.A" style:family="table-column"><style:table-column-properties style:rel-column-width="65535*"/></style:style><style:style style:name="Таблица5.A1" style:family="table-cell"><style:table-cell-properties fo:background-color="transparent" fo:padding="0.097cm" fo:border-left="0.5pt solid #000000" fo:border-right="none" fo:border-top="0.5pt solid #000000" fo:border-bottom="0.5pt solid #000000" style:writing-mode="page"><style:background-image/></style:table-cell-properties></style:style><style:style style:name="Таблица5.A2" style:family="table-cell"><style:table-cell-properties fo:background-color="transparent" fo:padding="0.097cm" fo:border-left="0.5pt solid #000000" fo:border-right="none" fo:border-top="none" fo:border-bottom="0.5pt solid #000000" style:writing-mode="page"><style:background-image/></style:table-cell-properties></style:style><style:style style:name="Таблица4" style:family="table"><style:table-properties table:align="margins"/></style:style><style:style style:name="Таблица4.A" style:family="table-column"><style:table-column-properties style:rel-column-width="65535*"/></style:style><style:style style:name="Таблица4.A1" style:family="table-cell"><style:table-cell-properties fo:background-color="transparent" fo:padding="0.097cm" fo:border-left="0.5pt solid #000000" fo:border-right="none" fo:border-top="0.5pt solid #000000" fo:border-bottom="0.5pt solid #000000" style:writing-mode="page"><style:background-image/></style:table-cell-properties></style:style><style:style style:name="Таблица4.A2" style:family="table-cell"><style:table-cell-properties fo:background-color="transparent" fo:padding="0.097cm" fo:border-left="0.5pt solid #000000" fo:border-right="none" fo:border-top="none" fo:border-bottom="0.5pt solid #000000" style:writing-mode="page"><style:background-image/></style:table-cell-properties></style:style><style:style style:name="Таблица5" style:family="table"><style:table-properties table:align="margins"/></style:style><style:style style:name="Таблица5.A" style:family="table-column"><style:table-column-properties style:rel-column-width="65535*"/></style:style><style:style style:name="Таблица5.A1" style:family="table-cell"><style:table-cell-properties fo:background-color="transparent" fo:padding="0.097cm" fo:border-left="0.5pt solid #000000" fo:border-right="none" fo:border-top="0.5pt solid #000000" fo:border-bottom="0.5pt solid #000000" style:writing-mode="page"><style:background-image/></style:table-cell-properties></style:style><style:style style:name="Таблица5.A2" style:family="table-cell"><style:table-cell-properties fo:background-color="transparent" fo:padding="0.097cm" fo:border-left="0.5pt solid #000000" fo:border-right="none" fo:border-top="none" fo:border-bottom="0.5pt solid #000000" style:writing-mode="page"><style:background-image/></style:table-cell-properties></style:style><style:style style:name="P1" style:family="paragraph" style:parent-style-name="Header"><style:paragraph-properties fo:text-align="end" style:justify-single-word="false"/><style:text-properties officeooo:rsid="000a002d" officeooo:paragraph-rsid="000a002d"/></style:style><style:style style:name="P2" style:family="paragraph" style:parent-style-name="Header"><style:paragraph-properties fo:text-align="end" style:justify-single-word="false"/><style:text-properties officeooo:paragraph-rsid="000a002d"/></style:style><style:style style:name="P3" style:family="paragraph" style:parent-style-name="Footer"><style:paragraph-properties fo:text-align="center" style:justify-single-word="false"/></style:style><style:style style:name="P4" style:family="paragraph" style:parent-style-name="Table_20_Contents"><style:paragraph-properties fo:text-align="start" style:justify-single-word="false"/><style:text-properties fo:color="#000000" loext:opacity="100%" style:text-outline="false" style:text-line-through-style="none" style:text-line-through-type="none" style:font-name="Liberation Serif" fo:font-size="12pt" fo:font-style="normal" fo:text-shadow="none" style:text-underline-style="none" fo:font-weight="normal" officeooo:rsid="003011ea" officeooo:paragraph-rsid="003011ea" style:font-size-asian="12pt" style:font-style-asian="normal" style:font-weight-asian="normal" style:font-size-complex="12pt" style:font-style-complex="normal" style:font-weight-complex="normal" style:text-overline-style="none" style:text-overline-color="font-color"/></style:style><style:style style:name="P5" style:family="paragraph" style:parent-style-name="Table_20_Contents"><style:paragraph-properties fo:text-align="center" style:justify-single-word="false"/><style:text-properties fo:color="#000000" loext:opacity="100%" style:text-outline="false" style:text-line-through-style="none" style:text-line-through-type="none" style:font-name="Liberation Serif" fo:font-size="12pt" fo:font-style="normal" fo:text-shadow="none" style:text-underline-style="none" fo:font-weight="normal" officeooo:rsid="00540d4c" officeooo:paragraph-rsid="00540d4c" style:font-size-asian="12pt" style:font-style-asian="normal" style:font-weight-asian="normal" style:font-size-complex="12pt" style:font-style-complex="normal" style:font-weight-complex="normal" style:text-overline-style="none" style:text-overline-color="font-color"/></style:style><style:style style:name="P6" style:family="paragraph" style:parent-style-name="Table_20_Contents"><style:paragraph-properties fo:text-align="start" style:justify-single-word="false"/><style:text-properties fo:color="#000000" loext:opacity="100%" style:text-outline="false" style:text-line-through-style="none" style:text-line-through-type="none" style:font-name="Liberation Serif" fo:font-size="12pt" fo:font-style="normal" fo:text-shadow="none" style:text-underline-style="none" fo:font-weight="normal" officeooo:rsid="00540d4c" officeooo:paragraph-rsid="00540d4c" style:font-size-asian="12pt" style:font-style-asian="normal" style:font-weight-asian="normal" style:font-size-complex="12pt" style:font-style-complex="normal" style:font-weight-complex="normal" style:text-overline-style="none" style:text-overline-color="font-color"/></style:style><style:style style:name="P7" style:family="paragraph" style:parent-style-name="Table_20_Contents"><style:paragraph-properties fo:text-align="start" style:justify-single-word="false"/><style:text-properties fo:color="#000000" loext:opacity="100%" style:text-outline="false" style:text-line-through-style="none" style:text-line-through-type="none" style:font-name="Liberation Serif" fo:font-size="12pt" fo:font-style="normal" fo:text-shadow="none" style:text-underline-style="none" fo:font-weight="normal" officeooo:rsid="00551f40" officeooo:paragraph-rsid="00551f40" style:font-size-asian="12pt" style:font-style-asian="normal" style:font-weight-asian="normal" style:font-size-complex="12pt" style:font-style-complex="normal" style:font-weight-complex="normal" style:text-overline-style="none" style:text-overline-color="font-color"/></style:style><style:style style:name="P8" style:family="paragraph" style:parent-style-name="Table_20_Contents"><style:paragraph-properties fo:text-align="center" style:justify-single-word="false"/><style:text-properties fo:color="#000000" loext:opacity="100%" style:text-outline="false" style:text-line-through-style="none" style:text-line-through-type="none" style:font-name="Liberation Serif" fo:font-size="12pt" fo:font-style="normal" fo:text-shadow="none" style:text-underline-style="none" fo:font-weight="normal" officeooo:rsid="006140ce" officeooo:paragraph-rsid="006140ce" style:font-size-asian="12pt" style:font-style-asian="normal" style:font-weight-asian="normal" style:font-size-complex="12pt" style:font-style-complex="normal" style:font-weight-complex="normal" style:text-overline-style="none" style:text-overline-color="font-color"/></style:style><style:style style:name="P9" style:family="paragraph" style:parent-style-name="Table_20_Contents"><style:paragraph-properties fo:text-align="center" style:justify-single-word="false"/><style:text-properties fo:color="#000000" loext:opacity="100%" style:text-outline="false" style:text-line-through-style="none" style:text-line-through-type="none" style:font-name="Liberation Serif" fo:font-size="12pt" fo:font-style="normal" fo:text-shadow="none" style:text-underline-style="none" fo:font-weight="normal" officeooo:rsid="0062bfae" officeooo:paragraph-rsid="0062bfae" style:font-size-asian="12pt" style:font-style-asian="normal" style:font-weight-asian="normal" style:font-size-complex="12pt" style:font-style-complex="normal" style:font-weight-complex="normal" style:text-overline-style="none" style:text-overline-color="font-color"/></style:style><style:style style:name="P10" style:family="paragraph" style:parent-style-name="Table_20_Contents"><style:paragraph-properties fo:text-align="center" style:justify-single-word="false"/><style:text-properties fo:color="#000000" loext:opacity="100%" style:text-outline="false" style:text-line-through-style="none" style:text-line-through-type="none" style:font-name="Liberation Serif" fo:font-size="12pt" fo:font-style="normal" fo:text-shadow="none" style:text-underline-style="none" fo:font-weight="normal" officeooo:rsid="006dc000" officeooo:paragraph-rsid="006dc000" style:font-size-asian="12pt" style:font-style-asian="normal" style:font-weight-asian="normal" style:font-size-complex="12pt" style:font-style-complex="normal" style:font-weight-complex="normal" style:text-overline-style="none" style:text-overline-color="font-color"/></style:style><style:style style:name="P11" style:family="paragraph" style:parent-style-name="Table_20_Contents"><style:paragraph-properties fo:text-align="center" style:justify-single-word="false"/><style:text-properties fo:color="#000000" loext:opacity="100%" style:text-outline="false" style:text-line-through-style="none" style:text-line-through-type="none" style:font-name="Liberation Serif" fo:font-size="12pt" fo:font-style="normal" fo:text-shadow="none" style:text-underline-style="none" fo:font-weight="bold" officeooo:rsid="003011ea" officeooo:paragraph-rsid="00346600" style:font-size-asian="12pt" style:font-style-asian="normal" style:font-weight-asian="bold" style:font-size-complex="12pt" style:font-style-complex="normal" style:font-weight-complex="bold" style:text-overline-style="none" style:text-overline-color="font-color"/></style:style><style:style style:name="P12" style:family="paragraph" style:parent-style-name="Table_20_Contents"><style:paragraph-properties fo:text-align="center" style:justify-single-word="false"/><style:text-properties fo:color="#000000" loext:opacity="100%" style:text-outline="false" style:text-line-through-style="none" style:text-line-through-type="none" style:font-name="Liberation Serif" fo:font-size="12pt" fo:font-style="normal" fo:text-shadow="none" style:text-underline-style="none" fo:font-weight="bold" officeooo:rsid="002b4068" officeooo:paragraph-rsid="002b4068" style:font-size-asian="12pt" style:font-style-asian="normal" style:font-weight-asian="bold" style:font-size-complex="12pt" style:font-style-complex="normal" style:font-weight-complex="bold" style:text-overline-style="none" style:text-overline-color="font-color"/></style:style><style:style style:name="P13" style:family="paragraph" style:parent-style-name="Table_20_Contents"><style:paragraph-properties fo:text-align="center" style:justify-single-word="false"/><style:text-properties officeooo:paragraph-rsid="006140ce"/></style:style><style:style style:name="P14" style:family="paragraph" style:parent-style-name="Text_20_body"><style:paragraph-properties fo:text-align="center" style:justify-single-word="false"/><style:text-properties officeooo:paragraph-rsid="0027054a"/></style:style><style:style style:name="P15" style:family="paragraph" style:parent-style-name="Text_20_body"><style:paragraph-properties fo:text-align="center" style:justify-single-word="false"/><style:text-properties officeooo:paragraph-rsid="004ccf99"/></style:style><style:style style:name="P16" style:family="paragraph" style:parent-style-name="Text_20_body"><style:paragraph-properties fo:text-align="center" style:justify-single-word="false"/><style:text-properties style:font-name="Liberation Sans" fo:font-size="14.1000003814697pt" fo:font-weight="bold" officeooo:rsid="0027054a" officeooo:paragraph-rsid="0027054a" style:font-name-asian="Noto Sans CJK SC" style:font-size-asian="14.1000003814697pt" style:font-weight-asian="bold" style:font-name-complex="Noto Sans Devanagari" style:font-size-complex="14.1000003814697pt" style:font-weight-complex="bold"/></style:style><style:style style:name="P17" style:family="paragraph" style:parent-style-name="Text_20_body"><style:paragraph-properties fo:text-align="center" style:justify-single-word="false"/><style:text-properties style:font-name="Liberation Sans" fo:font-size="14.1000003814697pt" fo:font-weight="bold" officeooo:rsid="0027054a" officeooo:paragraph-rsid="00346600" style:font-name-asian="Noto Sans CJK SC" style:font-size-asian="14.1000003814697pt" style:font-weight-asian="bold" style:font-name-complex="Noto Sans Devanagari" style:font-size-complex="14.1000003814697pt" style:font-weight-complex="bold"/></style:style><style:style style:name="P18" style:family="paragraph" style:parent-style-name="Text_20_body"><style:paragraph-properties fo:text-align="center" style:justify-single-word="false"/><style:text-properties style:font-name="Liberation Sans" fo:font-size="14.1000003814697pt" fo:font-weight="bold" officeooo:rsid="0027054a" officeooo:paragraph-rsid="0032a735" style:font-name-asian="Noto Sans CJK SC" style:font-size-asian="14.1000003814697pt" style:font-weight-asian="bold" style:font-name-complex="Noto Sans Devanagari" style:font-size-complex="14.1000003814697pt" style:font-weight-complex="bold"/></style:style><style:style style:name="P19" style:family="paragraph" style:parent-style-name="Text_20_body"><style:text-properties style:font-name="Liberation Sans" fo:font-size="14.1000003814697pt" fo:font-weight="bold" officeooo:rsid="0027054a" officeooo:paragraph-rsid="004e9f15" style:font-name-asian="Noto Sans CJK SC" style:font-size-asian="14.1000003814697pt" style:font-weight-asian="bold" style:font-name-complex="Noto Sans Devanagari" style:font-size-complex="14.1000003814697pt" style:font-weight-complex="bold"/></style:style><style:style style:name="P20" style:family="paragraph" style:parent-style-name="Text_20_body"><style:text-properties officeooo:paragraph-rsid="0033c0a1"/></style:style><style:style style:name="P21" style:family="paragraph" style:parent-style-name="Text_20_body"><style:text-properties officeooo:paragraph-rsid="004e9f15"/></style:style><style:style style:name="P22" style:family="paragraph" style:parent-style-name="Text_20_body"><style:text-properties style:font-name="Liberation Serif" officeooo:rsid="004e9f15" officeooo:paragraph-rsid="004e9f15"/></style:style><style:style style:name="P23" style:family="paragraph" style:parent-style-name="Header"><style:paragraph-properties fo:text-align="end" style:justify-single-word="false"/><style:text-properties officeooo:paragraph-rsid="000a002d"/></style:style><style:style style:name="P24" style:family="paragraph" style:parent-style-name="Heading_20_3"><style:paragraph-properties fo:text-align="center" style:justify-single-word="false"/><style:text-properties style:font-name="Liberation Serif" officeooo:rsid="004e9f15" officeooo:paragraph-rsid="004e9f15"/></style:style><style:style style:name="P25" style:family="paragraph" style:parent-style-name="Heading_20_3"><style:text-properties officeooo:paragraph-rsid="004e9f15"/></style:style><style:style style:name="P26" style:family="paragraph" style:parent-style-name="Heading_20_3"><style:paragraph-properties fo:text-align="center" style:justify-single-word="false"/><style:text-properties officeooo:rsid="0032a735" officeooo:paragraph-rsid="004ccf99"/></style:style><style:style style:name="P27" style:family="paragraph" style:parent-style-name="Heading_20_3"><style:text-properties officeooo:paragraph-rsid="0027054a"/></style:style><style:style style:name="P28" style:family="paragraph" style:parent-style-name="Table_20_Contents"><style:paragraph-properties fo:text-align="center" style:justify-single-word="false"/><style:text-properties fo:color="#000000" loext:opacity="100%" style:text-outline="false" style:text-line-through-style="none" style:text-line-through-type="none" style:font-name="Liberation Serif" fo:font-size="12pt" fo:font-style="normal" fo:text-shadow="none" style:text-underline-style="none" fo:font-weight="normal" officeooo:rsid="00540d4c" officeooo:paragraph-rsid="00540d4c" style:font-size-asian="12pt" style:font-style-asian="normal" style:font-weight-asian="normal" style:font-size-complex="12pt" style:font-style-complex="normal" style:font-weight-complex="normal" style:text-overline-style="none" style:text-overline-color="font-color"/></style:style><style:style style:name="P29" style:family="paragraph" style:parent-style-name="Table_20_Contents"><style:paragraph-properties fo:text-align="center" style:justify-single-word="false"/><style:text-properties fo:color="#000000" loext:opacity="100%" style:text-outline="false" style:text-line-through-style="none" style:text-line-through-type="none" style:font-name="Liberation Serif" fo:font-size="12pt" fo:font-style="normal" fo:text-shadow="none" style:text-underline-style="none" fo:font-weight="normal" officeooo:rsid="003011ea" officeooo:paragraph-rsid="0037f170" style:font-size-asian="12pt" style:font-style-asian="normal" style:font-weight-asian="normal" style:font-size-complex="12pt" style:font-style-complex="normal" style:font-weight-complex="normal" style:text-overline-style="none" style:text-overline-color="font-color"/></style:style><style:style style:name="P30" style:family="paragraph" style:parent-style-name="Table_20_Contents"><style:paragraph-properties fo:text-align="center" style:justify-single-word="false"/><style:text-properties fo:color="#000000" loext:opacity="100%" style:text-outline="false" style:text-line-through-style="none" style:text-line-through-type="none" style:font-name="Liberation Serif" fo:font-size="12pt" fo:font-style="normal" fo:text-shadow="none" style:text-underline-style="none" fo:font-weight="normal" officeooo:rsid="00346600" officeooo:paragraph-rsid="0037f170" style:font-size-asian="12pt" style:font-style-asian="normal" style:font-weight-asian="normal" style:font-size-complex="12pt" style:font-style-complex="normal" style:font-weight-complex="normal" style:text-overline-style="none" style:text-overline-color="font-color"/></style:style><style:style style:name="P31" style:family="paragraph" style:parent-style-name="Text_20_body"><style:text-properties fo:font-weight="bold" officeooo:rsid="000c41be" officeooo:paragraph-rsid="0033c0a1" style:font-weight-asian="bold" style:font-weight-complex="bold"/></style:style><style:style style:name="P32" style:family="paragraph" style:parent-style-name="Text_20_body"><style:text-properties officeooo:paragraph-rsid="0033c0a1"/></style:style><style:style style:name="P33" style:family="paragraph" style:parent-style-name="Text_20_body"><style:paragraph-properties fo:text-align="center" style:justify-single-word="false"/><style:text-properties style:font-name="Liberation Sans" fo:font-size="14.1000003814697pt" fo:font-weight="bold" officeooo:rsid="0027054a" officeooo:paragraph-rsid="0027054a" style:font-name-asian="Noto Sans CJK SC" style:font-size-asian="14.1000003814697pt" style:font-weight-asian="bold" style:font-name-complex="Noto Sans Devanagari" style:font-size-complex="14.1000003814697pt" style:font-weight-complex="bold"/></style:style><style:style style:name="P34" style:family="paragraph" style:parent-style-name="Text_20_body"><style:paragraph-properties fo:text-align="center" style:justify-single-word="false"/><style:text-properties style:font-name="Liberation Sans" fo:font-size="14.1000003814697pt" fo:font-weight="bold" officeooo:rsid="0027054a" officeooo:paragraph-rsid="0032a735" style:font-name-asian="Noto Sans CJK SC" style:font-size-asian="14.1000003814697pt" style:font-weight-asian="bold" style:font-name-complex="Noto Sans Devanagari" style:font-size-complex="14.1000003814697pt" style:font-weight-complex="bold"/></style:style><style:style style:name="T1" style:family="text"><style:text-properties officeooo:rsid="000a002d"/></style:style><style:style style:name="T2" style:family="text"><style:text-properties officeooo:rsid="00287895"/></style:style><style:style style:name="T3" style:family="text"><style:text-properties officeooo:rsid="0027054a"/></style:style><style:style style:name="T4" style:family="text"><style:text-properties style:font-name="Liberation Sans" fo:font-size="18.2000007629395pt" fo:font-weight="bold" officeooo:rsid="0027054a" style:font-name-asian="Noto Sans CJK SC" style:font-size-asian="18.2000007629395pt" style:font-weight-asian="bold" style:font-name-complex="Noto Sans Devanagari" style:font-size-complex="18.2000007629395pt" style:font-weight-complex="bold"/></style:style><style:style style:name="T5" style:family="text"><style:text-properties style:font-name="Liberation Sans" fo:font-size="18.2000007629395pt" fo:font-weight="bold" officeooo:rsid="004ccf99" style:font-name-asian="Noto Sans CJK SC" style:font-size-asian="18.2000007629395pt" style:font-weight-asian="bold" style:font-name-complex="Noto Sans Devanagari" style:font-size-complex="18.2000007629395pt" style:font-weight-complex="bold"/></style:style><style:style style:name="T6" style:family="text"><style:text-properties fo:font-weight="bold" style:font-weight-asian="bold" style:font-weight-complex="bold"/></style:style><style:style style:name="T7" style:family="text"><style:text-properties fo:font-weight="bold" officeooo:rsid="000c41be" style:font-weight-asian="bold" style:font-weight-complex="bold"/></style:style><style:style style:name="T8" style:family="text"><style:text-properties fo:font-weight="normal" style:font-weight-asian="normal" style:font-weight-complex="normal"/></style:style><style:style style:name="T9" style:family="text"><style:text-properties style:text-position="sub 58%"/></style:style><style:style style:name="T10" style:family="text"><style:text-properties style:text-position="0% 100%"/></style:style><style:style style:name="T11" style:family="text"><style:text-properties fo:color="#000000" loext:opacity="100%" style:text-outline="false" style:text-line-through-style="none" style:text-line-through-type="none" style:font-name="Liberation Serif" fo:font-size="12pt" fo:font-style="normal" fo:text-shadow="none" style:text-underline-style="none" fo:font-weight="normal" officeooo:rsid="006140ce" style:font-size-asian="12pt" style:font-style-asian="normal" style:font-weight-asian="normal" style:font-size-complex="12pt" style:font-style-complex="normal" style:font-weight-complex="normal" style:text-overline-style="none" style:text-overline-color="font-color"/></style:style><style:style style:name="T12" style:family="text"><style:text-properties fo:color="#000000" loext:opacity="100%" style:text-outline="false" style:text-line-through-style="none" style:text-line-through-type="none" style:text-position="sub 58%" style:font-name="Liberation Serif" fo:font-size="12pt" fo:font-style="normal" fo:text-shadow="none" style:text-underline-style="none" fo:font-weight="normal" officeooo:rsid="006140ce" style:font-size-asian="12pt" style:font-style-asian="normal" style:font-weight-asian="normal" style:font-size-complex="12pt" style:font-style-complex="normal" style:font-weight-complex="normal" style:text-overline-style="none" style:text-overline-color="font-color"/></style:style><style:style style:name="T13" style:family="text"><style:text-properties fo:color="#000000" loext:opacity="100%" style:text-outline="false" style:text-line-through-style="none" style:text-line-through-type="none" style:text-position="0% 100%" style:font-name="Liberation Serif" fo:font-size="12pt" fo:font-style="normal" fo:text-shadow="none" style:text-underline-style="none" fo:font-weight="normal" officeooo:rsid="006140ce" style:font-size-asian="12pt" style:font-style-asian="normal" style:font-weight-asian="normal" style:font-size-complex="12pt" style:font-style-complex="normal" style:font-weight-complex="normal" style:text-overline-style="none" style:text-overline-color="font-color"/></style:style><style:style style:name="fr1" style:family="graphic" style:parent-style-name="Graphics"><style:graphic-properties style:run-through="foreground" style:wrap="none" style:mirror="none" fo:clip="rect(0cm, 0cm, 0cm, 0cm)" draw:luminance="0%" draw:contrast="0%" draw:red="0%" draw:green="0%" draw:blue="0%" draw:gamma="100%" draw:color-inversion="false" draw:image-opacity="100%" draw:color-mode="standard"/></style:style><style:style style:name="fr2" style:family="graphic" style:parent-style-name="Graphics"><style:graphic-properties style:run-through="foreground" style:wrap="none" style:vertical-pos="top" style:vertical-rel="paragraph" style:horizontal-pos="center" style:horizontal-rel="paragraph" style:mirror="none" fo:clip="rect(0cm, 0cm, 0cm, 0cm)" draw:luminance="0%" draw:contrast="0%" draw:red="0%" draw:green="0%" draw:blue="0%" draw:gamma="100%" draw:color-inversion="false" draw:image-opacity="100%" draw:color-mode="standard"/></style:style><style:style style:name="fr3" style:family="graphic" style:parent-style-name="Graphics"><style:graphic-properties style:run-through="foreground" style:wrap="none" style:vertical-pos="top" style:vertical-rel="paragraph" style:mirror="none" fo:clip="rect(0cm, 0cm, 0cm, 0cm)" draw:luminance="0%" draw:contrast="0%" draw:red="0%" draw:green="0%" draw:blue="0%" draw:gamma="100%" draw:color-inversion="false" draw:image-opacity="100%" draw:color-mode="standard"/></style:style><style:style style:name="fr4" style:family="graphic" style:parent-style-name="Formula"><style:graphic-properties style:vertical-pos="from-top" style:horizontal-pos="from-left" style:horizontal-rel="paragraph-content" draw:ole-draw-aspect="1" draw:visible-area-top="0cm" draw:visible-area-width="10cm" draw:visible-area-height="10cm"/></style:style></office:automatic-styles><office:body><office:text text:use-soft-page-breaks="true"><office:forms form:automatic-focus="false" form:apply-design-mode="false"/><text:tracked-changes><text:changed-region xml:id="ct111861280" text:id="ct111861280"><text:deletion><office:change-info><dc:creator>&lt;анонимный&gt;</dc:creator><dc:date>2020-10-15T20:50:59</dc:date></office:change-info><text:h text:style-name="Heading_20_1" text:outline-level="1">Самостоятельная работа №1</text:h></text:deletion></text:changed-region><text:changed-region xml:id="ct111803840" text:id="ct111803840"><text:insertion><office:change-info><dc:creator>&lt;анонимный&gt;</dc:creator><dc:date>2020-10-15T20:50:59</dc:date></office:change-info></text:insertion></text:changed-region><text:changed-region xml:id="ct111879584" text:id="ct111879584"><text:insertion><office:change-info><dc:creator>&lt;анонимный&gt;</dc:creator><dc:date>2020-10-15T20:51:00</dc:date></office:change-info></text:insertion></text:changed-region><text:changed-region xml:id="ct111881232" text:id="ct111881232"><text:insertion><office:change-info><dc:creator>&lt;анонимный&gt;</dc:creator><dc:date>2020-10-25T18:56:15</dc:date></office:change-info></text:insertion></text:changed-region><text:changed-region xml:id="ct111884384" text:id="ct111884384"><text:insertion><office:change-info><dc:creator>&lt;анонимный&gt;</dc:creator><dc:date>2020-10-25T19:22:58</dc:date></office:change-info></text:insertion></text:changed-region><text:changed-region xml:id="ct111884624" text:id="ct111884624"><text:deletion><office:change-info><dc:creator>&lt;анонимный&gt;</dc:creator><dc:date>2020-10-25T18:59:22</dc:date></office:change-info><text:h text:style-name="P24" text:outline-level="3">: </text:h></text:deletion></text:changed-region><text:changed-region xml:id="ct111908784" text:id="ct111908784"><text:insertion><office:change-info><dc:creator>&lt;анонимный&gt;</dc:creator><dc:date>2020-10-25T19:24:06</dc:date></office:change-info></text:insertion></text:changed-region><text:changed-region xml:id="ct111951600" text:id="ct111951600"><text:insertion><office:change-info><dc:creator>&lt;анонимный&gt;</dc:creator><dc:date>2020-10-15T20:54:27</dc:date></office:change-info></text:insertion></text:changed-region><text:changed-region xml:id="ct111984688" text:id="ct111984688"><text:insertion><office:change-info><dc:creator>&lt;анонимный&gt;</dc:creator><dc:date>2020-10-15T20:54:27</dc:date></office:change-info></text:insertion></text:changed-region><text:changed-region xml:id="ct111724816" text:id="ct111724816"><text:insertion><office:change-info><dc:creator>&lt;анонимный&gt;</dc:creator><dc:date>2020-10-15T20:54:27</dc:date></office:change-info></text:insertion></text:changed-region><text:changed-region xml:id="ct111986624" text:id="ct111986624"><text:insertion><office:change-info><dc:creator>&lt;анонимный&gt;</dc:creator><dc:date>2020-10-15T20:54:27</dc:date></office:change-info></text:insertion></text:changed-region><text:changed-region xml:id="ct111987392" text:id="ct111987392"><text:insertion><office:change-info><dc:creator>&lt;анонимный&gt;</dc:creator><dc:date>2020-10-30T21:30:20</dc:date></office:change-info></text:insertion></text:changed-region><text:changed-region xml:id="ct111988064" text:id="ct111988064"><text:insertion><office:change-info><dc:creator>&lt;анонимный&gt;</dc:creator><dc:date>2020-10-30T21:30:09</dc:date></office:change-info></text:insertion></text:changed-region><text:changed-region xml:id="ct111988832" text:id="ct111988832"><text:insertion><office:change-info><dc:creator>&lt;анонимный&gt;</dc:creator><dc:date>2020-10-30T21:34:51</dc:date></office:change-info></text:insertion></text:changed-region><text:changed-region xml:id="ct111990016" text:id="ct111990016"><text:insertion><office:change-info><dc:creator>&lt;анонимный&gt;</dc:creator><dc:date>2020-10-30T22:27:58</dc:date></office:change-info></text:insertion></text:changed-region><text:changed-region xml:id="ct111991136" text:id="ct111991136"><text:insertion><office:change-info><dc:creator>&lt;анонимный&gt;</dc:creator><dc:date>2020-10-30T21:32:26</dc:date></office:change-info></text:insertion></text:changed-region><text:changed-region xml:id="ct111991984" text:id="ct111991984"><text:insertion><office:change-info><dc:creator>&lt;анонимный&gt;</dc:creator><dc:date>2020-10-30T22:28:09</dc:date></office:change-info></text:insertion></text:changed-region><text:changed-region xml:id="ct111993120" text:id="ct111993120"><text:insertion><office:change-info><dc:creator>&lt;анонимный&gt;</dc:creator><dc:date>2020-10-30T21:30:25</dc:date></office:change-info></text:insertion></text:changed-region><text:changed-region xml:id="ct111993952" text:id="ct111993952"><text:insertion><office:change-info><dc:creator>&lt;анонимный&gt;</dc:creator><dc:date>2020-10-30T21:31:59</dc:date></office:change-info></text:insertion></text:changed-region><text:changed-region xml:id="ct111994272" text:id="ct111994272"><text:insertion><office:change-info><dc:creator>&lt;анонимный&gt;</dc:creator><dc:date>2020-10-30T21:32:00</dc:date></office:change-info></text:insertion></text:changed-region><text:changed-region xml:id="ct111995104" text:id="ct111995104"><text:insertion><office:change-info><dc:creator>&lt;анонимный&gt;</dc:creator><dc:date>2020-10-30T21:34:21</dc:date></office:change-info></text:insertion></text:changed-region><text:changed-region xml:id="ct111996272" text:id="ct111996272"><text:insertion><office:change-info><dc:creator>&lt;анонимный&gt;</dc:creator><dc:date>2020-10-30T21:30:26</dc:date></office:change-info></text:insertion></text:changed-region><text:changed-region xml:id="ct111997104" text:id="ct111997104"><text:insertion><office:change-info><dc:creator>&lt;анонимный&gt;</dc:creator><dc:date>2020-10-30T21:32:03</dc:date></office:change-info></text:insertion></text:changed-region><text:changed-region xml:id="ct111997936" text:id="ct111997936"><text:insertion><office:change-info><dc:creator>&lt;анонимный&gt;</dc:creator><dc:date>2020-10-30T21:34:11</dc:date></office:change-info></text:insertion></text:changed-region><text:changed-region xml:id="ct111999072" text:id="ct111999072"><text:insertion><office:change-info><dc:creator>&lt;анонимный&gt;</dc:creator><dc:date>2020-10-30T21:30:38</dc:date></office:change-info></text:insertion></text:changed-region><text:changed-region xml:id="ct111999904" text:id="ct111999904"><text:insertion><office:change-info><dc:creator>&lt;анонимный&gt;</dc:creator><dc:date>2020-10-30T21:32:03</dc:date></office:change-info></text:insertion></text:changed-region><text:changed-region xml:id="ct111946288" text:id="ct111946288"><text:insertion><office:change-info><dc:creator>&lt;анонимный&gt;</dc:creator><dc:date>2020-10-30T21:32:32</dc:date></office:change-info></text:insertion></text:changed-region><text:changed-region xml:id="ct112001520" text:id="ct112001520"><text:insertion><office:change-info><dc:creator>&lt;анонимный&gt;</dc:creator><dc:date>2020-10-30T21:31:27</dc:date></office:change-info></text:insertion></text:changed-region><text:changed-region xml:id="ct112001840" text:id="ct112001840"><text:insertion><office:change-info><dc:creator>&lt;анонимный&gt;</dc:creator><dc:date>2020-10-30T21:33:24</dc:date></office:change-info></text:insertion></text:changed-region><text:changed-region xml:id="ct112002592" text:id="ct112002592"><text:insertion><office:change-info><dc:creator>&lt;анонимный&gt;</dc:creator><dc:date>2020-10-30T21:32:04</dc:date></office:change-info></text:insertion></text:changed-region><text:changed-region xml:id="ct111985472" text:id="ct111985472"><text:insertion><office:change-info><dc:creator>&lt;анонимный&gt;</dc:creator><dc:date>2020-10-30T21:33:40</dc:date></office:change-info></text:insertion></text:changed-region><text:changed-region xml:id="ct111985760" text:id="ct111985760"><text:insertion><office:change-info><dc:creator>&lt;анонимный&gt;</dc:creator><dc:date>2020-10-30T21:33:30</dc:date></office:change-info></text:insertion></text:changed-region><text:changed-region xml:id="ct112005200" text:id="ct112005200"><text:insertion><office:change-info><dc:creator>&lt;анонимный&gt;</dc:creator><dc:date>2020-10-30T21:33:33</dc:date></office:change-info></text:insertion></text:changed-region><text:changed-region xml:id="ct112006432" text:id="ct112006432"><text:insertion><office:change-info><dc:creator>&lt;анонимный&gt;</dc:creator><dc:date>2020-10-30T21:33:58</dc:date></office:change-info></text:insertion></text:changed-region><text:changed-region xml:id="ct112007024" text:id="ct112007024"><text:insertion><office:change-info><dc:creator>&lt;анонимный&gt;</dc:creator><dc:date>2020-10-30T21:31:42</dc:date></office:change-info></text:insertion></text:changed-region><text:changed-region xml:id="ct112007664" text:id="ct112007664"><text:insertion><office:change-info><dc:creator>&lt;анонимный&gt;</dc:creator><dc:date>2020-10-30T21:32:07</dc:date></office:change-info></text:insertion></text:changed-region><text:changed-region xml:id="ct112008384" text:id="ct112008384"><text:insertion><office:change-info><dc:creator>&lt;анонимный&gt;</dc:creator><dc:date>2020-10-30T21:33:08</dc:date></office:change-info></text:insertion></text:changed-region><text:changed-region xml:id="ct112009520" text:id="ct112009520"><text:insertion><office:change-info><dc:creator>&lt;анонимный&gt;</dc:creator><dc:date>2020-10-30T21:31:51</dc:date></office:change-info></text:insertion></text:changed-region><text:changed-region xml:id="ct112010320" text:id="ct112010320"><text:insertion><office:change-info><dc:creator>&lt;анонимный&gt;</dc:creator><dc:date>2020-10-30T21:32:08</dc:date></office:change-info></text:insertion></text:changed-region><text:changed-region xml:id="ct112011168" text:id="ct112011168"><text:insertion><office:change-info><dc:creator>&lt;анонимный&gt;</dc:creator><dc:date>2020-10-30T21:33:00</dc:date></office:change-info></text:insertion></text:changed-region><text:changed-region xml:id="ct111981888" text:id="ct111981888"><text:insertion><office:change-info><dc:creator>&lt;анонимный&gt;</dc:creator><dc:date>2020-10-30T22:58:41</dc:date></office:change-info></text:insertion></text:changed-region><text:changed-region xml:id="ct112025440" text:id="ct112025440"><text:insertion><office:change-info><dc:creator>&lt;анонимный&gt;</dc:creator><dc:date>2020-10-25T18:59:53</dc:date></office:change-info></text:insertion></text:changed-region><text:changed-region xml:id="ct109884720" text:id="ct109884720"><text:insertion><office:change-info><dc:creator>&lt;анонимный&gt;</dc:creator><dc:date>2020-10-15T20:54:27</dc:date></office:change-info></text:insertion></text:changed-region><text:changed-region xml:id="ct110045440" text:id="ct110045440"><text:insertion><office:change-info><dc:creator>&lt;анонимный&gt;</dc:creator><dc:date>2020-10-15T22:21:17</dc:date></office:change-info></text:insertion></text:changed-region><text:changed-region xml:id="ct111801248" text:id="ct111801248"><text:insertion><office:change-info><dc:creator>&lt;анонимный&gt;</dc:creator><dc:date>2020-10-15T20:54:27</dc:date></office:change-info></text:insertion></text:changed-region><text:changed-region xml:id="ct110047296" text:id="ct110047296"><text:insertion><office:change-info><dc:creator>&lt;анонимный&gt;</dc:creator><dc:date>2020-10-15T20:54:27</dc:date></office:change-info></text:insertion></text:changed-region><text:changed-region xml:id="ct110047888" text:id="ct110047888"><text:insertion><office:change-info><dc:creator>&lt;анонимный&gt;</dc:creator><dc:date>2020-10-25T21:03:02</dc:date></office:change-info></text:insertion></text:changed-region><text:changed-region xml:id="ct110048512" text:id="ct110048512"><text:insertion><office:change-info><dc:creator>&lt;анонимный&gt;</dc:creator><dc:date>2020-10-25T21:03:02</dc:date></office:change-info></text:insertion></text:changed-region><text:changed-region xml:id="ct110049200" text:id="ct110049200"><text:insertion><office:change-info><dc:creator>&lt;анонимный&gt;</dc:creator><dc:date>2020-10-25T21:03:02</dc:date></office:change-info></text:insertion></text:changed-region><text:changed-region xml:id="ct110050096" text:id="ct110050096"><text:insertion><office:change-info><dc:creator>&lt;анонимный&gt;</dc:creator><dc:date>2020-10-25T21:03:02</dc:date></office:change-info></text:insertion></text:changed-region><text:changed-region xml:id="ct110050896" text:id="ct110050896"><text:insertion><office:change-info><dc:creator>&lt;анонимный&gt;</dc:creator><dc:date>2020-10-25T21:03:02</dc:date></office:change-info></text:insertion></text:changed-region><text:changed-region xml:id="ct110051744" text:id="ct110051744"><text:insertion><office:change-info><dc:creator>&lt;анонимный&gt;</dc:creator><dc:date>2020-10-25T21:03:02</dc:date></office:change-info></text:insertion></text:changed-region><text:changed-region xml:id="ct110052832" text:id="ct110052832"><text:insertion><office:change-info><dc:creator>&lt;анонимный&gt;</dc:creator><dc:date>2020-10-25T21:03:12</dc:date></office:change-info></text:insertion></text:changed-region><text:changed-region xml:id="ct110053072" text:id="ct110053072"><text:insertion><office:change-info><dc:creator>&lt;анонимный&gt;</dc:creator><dc:date>2020-10-25T21:03:18</dc:date></office:change-info></text:insertion></text:changed-region><text:changed-region xml:id="ct110004176" text:id="ct110004176"><text:insertion><office:change-info><dc:creator>&lt;анонимный&gt;</dc:creator><dc:date>2020-10-25T21:03:43</dc:date></office:change-info></text:insertion></text:changed-region><text:changed-region xml:id="ct110005344" text:id="ct110005344"><text:insertion><office:change-info><dc:creator>&lt;анонимный&gt;</dc:creator><dc:date>2020-10-25T21:03:12</dc:date></office:change-info></text:insertion></text:changed-region><text:changed-region xml:id="ct110006224" text:id="ct110006224"><text:insertion><office:change-info><dc:creator>&lt;анонимный&gt;</dc:creator><dc:date>2020-10-25T21:03:21</dc:date></office:change-info></text:insertion></text:changed-region><text:changed-region xml:id="ct110007024" text:id="ct110007024"><text:insertion><office:change-info><dc:creator>&lt;анонимный&gt;</dc:creator><dc:date>2020-10-25T21:03:54</dc:date></office:change-info></text:insertion></text:changed-region><text:changed-region xml:id="ct110042896" text:id="ct110042896"><text:insertion><office:change-info><dc:creator>&lt;анонимный&gt;</dc:creator><dc:date>2020-10-30T22:13:12</dc:date></office:change-info></text:insertion></text:changed-region><text:changed-region xml:id="ct110018144" text:id="ct110018144"><text:insertion><office:change-info><dc:creator>&lt;анонимный&gt;</dc:creator><dc:date>2020-10-15T20:54:27</dc:date></office:change-info></text:insertion></text:changed-region><text:changed-region xml:id="ct112186832" text:id="ct112186832"><text:deletion><office:change-info><dc:creator>&lt;анонимный&gt;</dc:creator><dc:date>2020-10-15T20:55:41</dc:date></office:change-info><text:p text:style-name="P20"><text:span text:style-name="T6">Задача­:</text:span></text:p></text:deletion></text:changed-region><text:changed-region xml:id="ct112186592" text:id="ct112186592"><text:deletion><office:change-info><dc:creator>&lt;анонимный&gt;</dc:creator><dc:date>2020-10-15T20:51:15</dc:date></office:change-info><text:p text:style-name="P20"><text:a xlink:type="simple" xlink:href="http://docs.cntd.ru/document/9041994" text:style-name="Internet_20_link" text:visited-style-name="Visited_20_Internet_20_Link"><text:span text:style-name="T7">Источник</text:span></text:a><text:span text:style-name="T6">Задание 2: ГОСТ на написание блок–схем</text:span></text:p><text:p text:style-name="P31"/><text:p text:style-name="P20"><text:span text:style-name="T6"/></text:p></text:deletion></text:changed-region><text:changed-region xml:id="ct110018784" text:id="ct110018784"><text:deletion><office:change-info><dc:creator>&lt;анонимный&gt;</dc:creator><dc:date>2020-09-13T16:33:25</dc:date></office:change-info><text:p text:style-name="P20"><text:span text:style-name="T6"/></text:p><text:p text:style-name="P20"><text:span text:style-name="T6"/></text:p></text:deletion></text:changed-region><text:changed-region xml:id="ct110018544" text:id="ct110018544"><text:deletion><office:change-info><dc:creator>&lt;анонимный&gt;</dc:creator><dc:date>2020-10-15T20:51:15</dc:date></office:change-info><text:p text:style-name="P20"><text:span text:style-name="T6">Задание 3: Вспомогательные формулы</text:span></text:p></text:deletion></text:changed-region><text:changed-region xml:id="ct112187072" text:id="ct112187072"><text:insertion><office:change-info><dc:creator>&lt;анонимный&gt;</dc:creator><dc:date>2020-10-15T20:55:44</dc:date></office:change-info></text:insertion></text:changed-region><text:changed-region xml:id="ct112187648" text:id="ct112187648"><text:insertion><office:change-info><dc:creator>&lt;анонимный&gt;</dc:creator><dc:date>2020-10-25T19:28:24</dc:date></office:change-info></text:insertion></text:changed-region><text:changed-region xml:id="ct112189056" text:id="ct112189056"><text:insertion><office:change-info><dc:creator>&lt;анонимный&gt;</dc:creator><dc:date>2020-10-15T23:03:23</dc:date></office:change-info></text:insertion></text:changed-region><text:changed-region xml:id="ct112189936" text:id="ct112189936"><text:insertion><office:change-info><dc:creator>&lt;анонимный&gt;</dc:creator><dc:date>2020-10-25T19:35:15</dc:date></office:change-info></text:insertion></text:changed-region><text:changed-region xml:id="ct112190176" text:id="ct112190176"><text:deletion><office:change-info><dc:creator>&lt;анонимный&gt;</dc:creator><dc:date>2020-10-25T19:35:05</dc:date></office:change-info><text:p text:style-name="P18"><draw:frame draw:style-name="fr4" draw:name="Объект1" text:anchor-type="as-char" svg:y="-0.377cm" svg:width="0.201cm" svg:height="0.467cm" draw:z-index="8"><draw:object-ole xlink:href="./Object 2" xlink:type="simple" xlink:show="embed" xlink:actuate="onLoad"/><draw:image xlink:href="./ObjectReplacements/Object 2" xlink:type="simple" xlink:show="embed" xlink:actuate="onLoad"/><svg:desc>OLE-объект</svg:desc></draw:frame></text:p></text:deletion></text:changed-region><text:changed-region xml:id="ct112191296" text:id="ct112191296"><text:insertion><office:change-info><dc:creator>&lt;анонимный&gt;</dc:creator><dc:date>2020-10-15T20:57:24</dc:date></office:change-info></text:insertion></text:changed-region><text:changed-region xml:id="ct110025152" text:id="ct110025152"><text:insertion><office:change-info><dc:creator>&lt;анонимный&gt;</dc:creator><dc:date>2020-10-15T20:57:24</dc:date></office:change-info></text:insertion></text:changed-region><text:changed-region xml:id="ct111070128" text:id="ct111070128"><text:insertion><office:change-info><dc:creator>&lt;анонимный&gt;</dc:creator><dc:date>2020-10-15T20:57:24</dc:date></office:change-info></text:insertion></text:changed-region><text:changed-region xml:id="ct110026816" text:id="ct110026816"><text:insertion><office:change-info><dc:creator>&lt;анонимный&gt;</dc:creator><dc:date>2020-10-15T20:57:24</dc:date></office:change-info></text:insertion></text:changed-region><text:changed-region xml:id="ct110027456" text:id="ct110027456"><text:insertion><office:change-info><dc:creator>&lt;анонимный&gt;</dc:creator><dc:date>2020-10-25T20:14:48</dc:date></office:change-info></text:insertion></text:changed-region><text:changed-region xml:id="ct110028176" text:id="ct110028176"><text:deletion><office:change-info><dc:creator>&lt;анонимный&gt;</dc:creator><dc:date>2020-10-16T13:08:01</dc:date></office:change-info><text:p text:style-name="P5"/><table:table table:name="Таблица4" table:style-name="Таблица4"><table:table-column table:style-name="Таблица4.A"/><table:table-row><table:table-cell table:style-name="Таблица4.A1" office:value-type="string"><text:p text:style-name="P29">real</text:p></table:table-cell></table:table-row><table:table-row><table:table-cell table:style-name="Таблица4.A2" office:value-type="string"><text:p text:style-name="P30">real</text:p></table:table-cell></table:table-row><table:table-row><table:table-cell table:style-name="Таблица4.A2" office:value-type="string"><text:p text:style-name="P30">real</text:p></table:table-cell></table:table-row><table:table-row><table:table-cell table:style-name="Таблица4.A2" office:value-type="string"><text:p text:style-name="P30">real</text:p></table:table-cell></table:table-row></table:table><text:p text:style-name="P5"/></text:deletion></text:changed-region><text:changed-region xml:id="ct110028416" text:id="ct110028416"><text:insertion><office:change-info><dc:creator>&lt;анонимный&gt;</dc:creator><dc:date>2020-10-25T20:15:11</dc:date></office:change-info></text:insertion></text:changed-region><text:changed-region xml:id="ct110029056" text:id="ct110029056"><text:insertion><office:change-info><dc:creator>&lt;анонимный&gt;</dc:creator><dc:date>2020-10-25T20:15:14</dc:date></office:change-info></text:insertion></text:changed-region><text:changed-region xml:id="ct111843968" text:id="ct111843968"><text:insertion><office:change-info><dc:creator>&lt;анонимный&gt;</dc:creator><dc:date>2020-10-25T20:14:52</dc:date></office:change-info></text:insertion></text:changed-region><text:changed-region xml:id="ct112153216" text:id="ct112153216"><text:insertion><office:change-info><dc:creator>&lt;анонимный&gt;</dc:creator><dc:date>2020-10-25T20:14:58</dc:date></office:change-info></text:insertion></text:changed-region><text:changed-region xml:id="ct112153536" text:id="ct112153536"><text:insertion><office:change-info><dc:creator>&lt;анонимный&gt;</dc:creator><dc:date>2020-10-25T20:15:00</dc:date></office:change-info></text:insertion></text:changed-region><text:changed-region xml:id="ct112154336" text:id="ct112154336"><text:insertion><office:change-info><dc:creator>&lt;анонимный&gt;</dc:creator><dc:date>2020-10-25T20:15:20</dc:date></office:change-info></text:insertion></text:changed-region><text:changed-region xml:id="ct112155424" text:id="ct112155424"><text:insertion><office:change-info><dc:creator>&lt;анонимный&gt;</dc:creator><dc:date>2020-10-25T20:14:53</dc:date></office:change-info></text:insertion></text:changed-region><text:changed-region xml:id="ct112156256" text:id="ct112156256"><text:insertion><office:change-info><dc:creator>&lt;анонимный&gt;</dc:creator><dc:date>2020-10-25T20:15:09</dc:date></office:change-info></text:insertion></text:changed-region><text:changed-region xml:id="ct112157104" text:id="ct112157104"><text:insertion><office:change-info><dc:creator>&lt;анонимный&gt;</dc:creator><dc:date>2020-10-25T20:15:27</dc:date></office:change-info></text:insertion></text:changed-region><text:changed-region xml:id="ct112158224" text:id="ct112158224"><text:insertion><office:change-info><dc:creator>&lt;анонимный&gt;</dc:creator><dc:date>2020-10-25T20:14:53</dc:date></office:change-info></text:insertion></text:changed-region><text:changed-region xml:id="ct112159104" text:id="ct112159104"><text:deletion><office:change-info><dc:creator>&lt;анонимный&gt;</dc:creator><dc:date>2020-10-16T13:08:04</dc:date></office:change-info><text:p text:style-name="P5"/><table:table table:name="Таблица5" table:style-name="Таблица5"><table:table-column table:style-name="Таблица5.A"/><table:table-row><table:table-cell table:style-name="Таблица5.A1" office:value-type="string"><text:p text:style-name="P29">real</text:p></table:table-cell></table:table-row><table:table-row><table:table-cell table:style-name="Таблица5.A2" office:value-type="string"><text:p text:style-name="P30">real</text:p></table:table-cell></table:table-row><table:table-row><table:table-cell table:style-name="Таблица5.A2" office:value-type="string"><text:p text:style-name="P30">real</text:p></table:table-cell></table:table-row><table:table-row><table:table-cell table:style-name="Таблица5.A2" office:value-type="string"><text:p text:style-name="P30">real</text:p></table:table-cell></table:table-row></table:table><text:p text:style-name="P5"/></text:deletion></text:changed-region><text:changed-region xml:id="ct112159424" text:id="ct112159424"><text:insertion><office:change-info><dc:creator>&lt;анонимный&gt;</dc:creator><dc:date>2020-10-25T20:15:09</dc:date></office:change-info></text:insertion></text:changed-region><text:changed-region xml:id="ct112160176" text:id="ct112160176"><text:insertion><office:change-info><dc:creator>&lt;анонимный&gt;</dc:creator><dc:date>2020-10-25T20:15:28</dc:date></office:change-info></text:insertion></text:changed-region><text:changed-region xml:id="ct110035680" text:id="ct110035680"><text:insertion><office:change-info><dc:creator>&lt;анонимный&gt;</dc:creator><dc:date>2020-10-15T20:57:24</dc:date></office:change-info></text:insertion></text:changed-region><text:changed-region xml:id="ct112023872" text:id="ct112023872"><text:insertion><office:change-info><dc:creator>&lt;анонимный&gt;</dc:creator><dc:date>2020-10-16T13:07:47</dc:date></office:change-info></text:insertion></text:changed-region></text:tracked-changes><text:sequence-decls><text:sequence-decl text:display-outline-level="0" text:name="Illustration"/><text:sequence-decl text:display-outline-level="0" text:name="Table"/><text:sequence-decl text:display-outline-level="0" text:name="Text"/><text:sequence-decl text:display-outline-level="0" text:name="Drawing"/><text:sequence-decl text:display-outline-level="0" text:name="Figure"/></text:sequence-decls><text:h text:style-name="Heading_20_1" text:outline-level="1"><text:change text:change-id="ct111861280"/><text:change-start text:change-id="ct111803840"/><text:span text:style-name="T4">Л</text:span><text:change-end text:change-id="ct111803840"/><text:change-start text:change-id="ct111879584"/><text:span text:style-name="T4">абораторная работа №</text:span><text:change-end text:change-id="ct111879584"/><text:change-start text:change-id="ct111881232"/><text:span text:style-name="T5">6</text:span><text:change-end text:change-id="ct111881232"/></text:h><text:h text:style-name="P25" text:outline-level="3">Задание 1<text:change-start text:change-id="ct111884384"/></text:h><text:h text:style-name="P24" text:outline-level="3"><text:change-end text:change-id="ct111884384"/><text:change text:change-id="ct111884624"/><text:change-start text:change-id="ct111908784"/>Задание: </text:h><text:p text:style-name="P22"><draw:frame draw:style-name="fr1" draw:name="Изображение1" text:anchor-type="char" svg:width="17cm" svg:height="8.43cm" draw:z-index="0"><draw:image xlink:href="Pictures/1000000000000363000001AE6152F40988A4D1C4.png" xlink:type="simple" xlink:show="embed" xlink:actuate="onLoad" draw:mime-type="image/png"/></draw:frame><text:change-end text:change-id="ct111908784"/><text:change-start text:change-id="ct111951600"/></text:p><text:h text:style-name="P26" text:outline-level="3"/><text:h text:style-name="P26" text:outline-level="3">Математическая модель задачи</text:h><text:p text:style-name="P15"><draw:frame draw:style-name="fr1" draw:name="Изображение2" text:anchor-type="char" svg:width="17cm" svg:height="4.292cm" draw:z-index="1"><draw:image xlink:href="Pictures/1000000000000324000000CBFF44CF13B916CB8B.png" xlink:type="simple" xlink:show="embed" xlink:actuate="onLoad" draw:mime-type="image/png"/></draw:frame></text:p><text:p text:style-name="P15"/><text:p text:style-name="P15"/><text:p text:style-name="P15"/><text:p text:style-name="P16"><text:soft-page-break/>Блок-схема</text:p><text:p text:style-name="P16"><draw:frame draw:style-name="fr1" draw:name="Изображение8" text:anchor-type="char" svg:width="17cm" svg:height="18.078cm" draw:z-index="7"><draw:image xlink:href="Pictures/10000000000008AE0000093B16B25F2FBD7DDBC8.png" xlink:type="simple" xlink:show="embed" xlink:actuate="onLoad" draw:mime-type="image/png"/></draw:frame></text:p><text:p text:style-name="P16"/><text:p text:style-name="P16"/><text:p text:style-name="P16"/><text:p text:style-name="P16"><text:soft-page-break/>Описание переменных<text:change-end text:change-id="ct111951600"/></text:p><table:table table:name="Таблица1" table:style-name="Таблица1" table:template-name="Default Style"><table:table-column table:style-name="Таблица1.A" table:number-columns-repeated="3"/><table:table-row><table:table-cell table:style-name="Таблица1.A1" office:value-type="string"><text:p text:style-name="P12"><text:change-start text:change-id="ct111984688"/>Переменная<text:change-end text:change-id="ct111984688"/></text:p></table:table-cell><table:table-cell table:style-name="Таблица1.A1" office:value-type="string"><text:p text:style-name="P12"><text:change-start text:change-id="ct111724816"/>Тип<text:change-end text:change-id="ct111724816"/></text:p></table:table-cell><table:table-cell table:style-name="Таблица1.C1" office:value-type="string"><text:p text:style-name="P12"><text:change-start text:change-id="ct111986624"/>Суть<text:change-end text:change-id="ct111986624"/></text:p></table:table-cell></table:table-row><table:table-row table:style-name="Таблица1.2"><table:table-cell table:style-name="Таблица1.A2" office:value-type="string"><text:p text:style-name="P8"><text:change-start text:change-id="ct111987392"/>f<text:change-end text:change-id="ct111987392"/></text:p></table:table-cell><table:table-cell table:style-name="Таблица1.A2" office:value-type="string"><text:p text:style-name="P5"><text:change-start text:change-id="ct111988064"/>Array of integer<text:change-end text:change-id="ct111988064"/></text:p></table:table-cell><table:table-cell table:style-name="Таблица1.C2" office:value-type="string"><text:p text:style-name="P9"><text:change-start text:change-id="ct111988832"/>Массив частот<text:change-end text:change-id="ct111988832"/></text:p></table:table-cell></table:table-row><table:table-row table:style-name="Таблица1.2"><table:table-cell table:style-name="Таблица1.A2" office:value-type="string"><text:p text:style-name="P10"><text:change-start text:change-id="ct111990016"/>i<text:change-end text:change-id="ct111990016"/></text:p></table:table-cell><table:table-cell table:style-name="Таблица1.A2" office:value-type="string"><text:p text:style-name="P8"><text:change-start text:change-id="ct111991136"/>integer<text:change-end text:change-id="ct111991136"/></text:p></table:table-cell><table:table-cell table:style-name="Таблица1.C2" office:value-type="string"><text:p text:style-name="P10"><text:change-start text:change-id="ct111991984"/>Счетчик цикла<text:change-end text:change-id="ct111991984"/></text:p></table:table-cell></table:table-row><table:table-row table:style-name="Таблица1.2"><table:table-cell table:style-name="Таблица1.A2" office:value-type="string"><text:p text:style-name="P8"><text:change-start text:change-id="ct111993120"/>R<text:change-end text:change-id="ct111993120"/></text:p></table:table-cell><table:table-cell table:style-name="Таблица1.A2" office:value-type="string"><text:p text:style-name="P8"><text:change-start text:change-id="ct111993952"/>re<text:change-end text:change-id="ct111993952"/><text:change-start text:change-id="ct111994272"/>al<text:change-end text:change-id="ct111994272"/></text:p></table:table-cell><table:table-cell table:style-name="Таблица1.C2" office:value-type="string"><text:p text:style-name="P9"><text:change-start text:change-id="ct111995104"/>Сопротивление<text:change-end text:change-id="ct111995104"/></text:p></table:table-cell></table:table-row><table:table-row table:style-name="Таблица1.2"><table:table-cell table:style-name="Таблица1.A2" office:value-type="string"><text:p text:style-name="P8"><text:change-start text:change-id="ct111996272"/>C<text:change-end text:change-id="ct111996272"/></text:p></table:table-cell><table:table-cell table:style-name="Таблица1.A2" office:value-type="string"><text:p text:style-name="P8"><text:change-start text:change-id="ct111997104"/>real<text:change-end text:change-id="ct111997104"/></text:p></table:table-cell><table:table-cell table:style-name="Таблица1.C2" office:value-type="string"><text:p text:style-name="P9"><text:change-start text:change-id="ct111997936"/>Ёмкость конденсатора<text:change-end text:change-id="ct111997936"/></text:p></table:table-cell></table:table-row><table:table-row table:style-name="Таблица1.2"><table:table-cell table:style-name="Таблица1.A2" office:value-type="string"><text:p text:style-name="P8"><text:change-start text:change-id="ct111999072"/>L<text:change-end text:change-id="ct111999072"/></text:p></table:table-cell><table:table-cell table:style-name="Таблица1.A2" office:value-type="string"><text:p text:style-name="P8"><text:change-start text:change-id="ct111999904"/>real<text:change-end text:change-id="ct111999904"/></text:p></table:table-cell><table:table-cell table:style-name="Таблица1.C2" office:value-type="string"><text:p text:style-name="P8"><text:change-start text:change-id="ct111946288"/>Индуктивность<text:change-end text:change-id="ct111946288"/></text:p></table:table-cell></table:table-row><table:table-row table:style-name="Таблица1.2"><table:table-cell table:style-name="Таблица1.A2" office:value-type="string"><text:p text:style-name="P8"><text:change-start text:change-id="ct112001520"/>X<text:change-end text:change-id="ct112001520"/><text:change-start text:change-id="ct112001840"/>c<text:change-end text:change-id="ct112001840"/></text:p></table:table-cell><table:table-cell table:style-name="Таблица1.A2" office:value-type="string"><text:p text:style-name="P8"><text:change-start text:change-id="ct112002592"/>real<text:change-end text:change-id="ct112002592"/></text:p></table:table-cell><table:table-cell table:style-name="Таблица1.C2" office:value-type="string"><text:p text:style-name="P13"><text:change-start text:change-id="ct111985472"/><text:span text:style-name="T11">Переменная X</text:span><text:span text:style-name="T12">c </text:span><text:span text:style-name="T13">из формулы</text:span><text:change-end text:change-id="ct111985472"/></text:p></table:table-cell></table:table-row><table:table-row table:style-name="Таблица1.2"><table:table-cell table:style-name="Таблица1.A2" office:value-type="string"><text:p text:style-name="P8"><text:change-start text:change-id="ct111985760"/>Xl<text:change-end text:change-id="ct111985760"/></text:p></table:table-cell><table:table-cell table:style-name="Таблица1.A2" office:value-type="string"><text:p text:style-name="P8"><text:change-start text:change-id="ct112005200"/>real<text:change-end text:change-id="ct112005200"/></text:p></table:table-cell><table:table-cell table:style-name="Таблица1.C2" office:value-type="string"><text:p text:style-name="P8"><text:change-start text:change-id="ct112006432"/>Переменная X<text:span text:style-name="T9">l </text:span><text:span text:style-name="T10">из формулы</text:span><text:change-end text:change-id="ct112006432"/></text:p></table:table-cell></table:table-row><table:table-row table:style-name="Таблица1.2"><table:table-cell table:style-name="Таблица1.A2" office:value-type="string"><text:p text:style-name="P8"><text:change-start text:change-id="ct112007024"/>Z<text:change-end text:change-id="ct112007024"/></text:p></table:table-cell><table:table-cell table:style-name="Таблица1.A2" office:value-type="string"><text:p text:style-name="P8"><text:change-start text:change-id="ct112007664"/>real<text:change-end text:change-id="ct112007664"/></text:p></table:table-cell><table:table-cell table:style-name="Таблица1.C2" office:value-type="string"><text:p text:style-name="P8"><text:change-start text:change-id="ct112008384"/>Реактивное сопротивление<text:change-end text:change-id="ct112008384"/></text:p></table:table-cell></table:table-row><table:table-row table:style-name="Таблица1.2"><table:table-cell table:style-name="Таблица1.A2" office:value-type="string"><text:p text:style-name="P8"><text:change-start text:change-id="ct112009520"/>fi<text:change-end text:change-id="ct112009520"/></text:p></table:table-cell><table:table-cell table:style-name="Таблица1.A2" office:value-type="string"><text:p text:style-name="P8"><text:change-start text:change-id="ct112010320"/>real<text:change-end text:change-id="ct112010320"/></text:p></table:table-cell><table:table-cell table:style-name="Таблица1.C2" office:value-type="string"><text:p text:style-name="P8"><text:change-start text:change-id="ct112011168"/>Фазовый угол<text:change-end text:change-id="ct112011168"/></text:p></table:table-cell></table:table-row></table:table><text:p text:style-name="P16"><text:change-start text:change-id="ct111981888"/></text:p><text:p text:style-name="P16"/><text:p text:style-name="P16"/><text:p text:style-name="P16"/><text:p text:style-name="P16"/><text:p text:style-name="P16"/><text:p text:style-name="P16"/><text:p text:style-name="P16"/><text:p text:style-name="P16"/><text:p text:style-name="P16"/><text:p text:style-name="P16"/><text:p text:style-name="P16"/><text:p text:style-name="P16"/><text:p text:style-name="P16"/><text:p text:style-name="P16"/><text:p text:style-name="P16"><text:change-end text:change-id="ct111981888"/><text:change-start text:change-id="ct112025440"/></text:p><text:p text:style-name="P16"><text:change-end text:change-id="ct112025440"/><text:change-start text:change-id="ct109884720"/><text:soft-page-break/>Код программы</text:p><text:p text:style-name="P14"><draw:frame draw:style-name="fr3" draw:name="Изображение7" text:anchor-type="char" svg:width="17cm" svg:height="16.559cm" draw:z-index="6"><draw:image xlink:href="Pictures/100000000000037700000360804B23F89D502928.png" xlink:type="simple" xlink:show="embed" xlink:actuate="onLoad" draw:mime-type="image/png"/></draw:frame></text:p><text:p text:style-name="P14"/><text:h text:style-name="P27" text:outline-level="3">Задание <text:span text:style-name="T3">2</text:span></text:h><text:p text:style-name="P21"><text:span text:style-name="T6">Задача: </text:span><text:span text:style-name="T8">Одномерный массив вводится пользователем с клавиатуры. Переставить элементы массива, стоящие на четных и нечетных местах. Задачу решить без проверки на четность индексов массива.</text:span></text:p><text:p text:style-name="P19"/><text:p text:style-name="P16"><text:soft-page-break/>Блок-схема</text:p><text:p text:style-name="P16"><draw:frame draw:style-name="fr2" draw:name="Изображение5" text:anchor-type="char" svg:width="10.68cm" svg:height="19.002cm" draw:z-index="5"><draw:image xlink:href="Pictures/10000000000006F500000C618B58CCA3E5D07305.png" xlink:type="simple" xlink:show="embed" xlink:actuate="onLoad" draw:mime-type="image/png"/></draw:frame></text:p><text:p text:style-name="P16"/><text:p text:style-name="P16"/><text:p text:style-name="P16"><text:soft-page-break/>Описание переменных<text:change-end text:change-id="ct109884720"/></text:p><table:table table:name="Таблица2" table:style-name="Таблица2" table:template-name="Default Style"><table:table-column table:style-name="Таблица2.A" table:number-columns-repeated="3"/><table:table-row><table:table-cell table:style-name="Таблица2.A1" office:value-type="string"><text:p text:style-name="P4"><text:change-start text:change-id="ct110045440"/>Переменная<text:change-end text:change-id="ct110045440"/></text:p></table:table-cell><table:table-cell table:style-name="Таблица2.A1" office:value-type="string"><text:p text:style-name="P4"><text:change-start text:change-id="ct111801248"/>Тип<text:change-end text:change-id="ct111801248"/></text:p></table:table-cell><table:table-cell table:style-name="Таблица2.C1" office:value-type="string"><text:p text:style-name="P4"><text:change-start text:change-id="ct110047296"/>Суть<text:change-end text:change-id="ct110047296"/></text:p></table:table-cell></table:table-row><table:table-row><table:table-cell table:style-name="Таблица2.A2" office:value-type="string"><text:p text:style-name="P6"><text:change-start text:change-id="ct110047888"/>i<text:change-end text:change-id="ct110047888"/></text:p></table:table-cell><table:table-cell table:style-name="Таблица2.A2" office:value-type="string"><text:p text:style-name="P6"><text:change-start text:change-id="ct110048512"/>integer<text:change-end text:change-id="ct110048512"/></text:p></table:table-cell><table:table-cell table:style-name="Таблица2.C2" office:value-type="string"><text:p text:style-name="P6"><text:change-start text:change-id="ct110049200"/>Счетчик цикла<text:change-end text:change-id="ct110049200"/></text:p></table:table-cell></table:table-row><table:table-row><table:table-cell table:style-name="Таблица2.A2" office:value-type="string"><text:p text:style-name="P6"><text:change-start text:change-id="ct110050096"/>a<text:change-end text:change-id="ct110050096"/></text:p></table:table-cell><table:table-cell table:style-name="Таблица2.A2" office:value-type="string"><text:p text:style-name="P6"><text:change-start text:change-id="ct110050896"/>Array of integer<text:change-end text:change-id="ct110050896"/></text:p></table:table-cell><table:table-cell table:style-name="Таблица2.C2" office:value-type="string"><text:p text:style-name="P6"><text:change-start text:change-id="ct110051744"/>Массив a<text:change-end text:change-id="ct110051744"/></text:p></table:table-cell></table:table-row><table:table-row><table:table-cell table:style-name="Таблица2.A2" office:value-type="string"><text:p text:style-name="P7"><text:change-start text:change-id="ct110052832"/>a1<text:change-end text:change-id="ct110052832"/></text:p></table:table-cell><table:table-cell table:style-name="Таблица2.A2" office:value-type="string"><text:p text:style-name="P7"><text:change-start text:change-id="ct110053072"/>integer<text:change-end text:change-id="ct110053072"/></text:p></table:table-cell><table:table-cell table:style-name="Таблица2.C2" office:value-type="string"><text:p text:style-name="P7"><text:change-start text:change-id="ct110004176"/>Нечетный эл-т массива<text:change-end text:change-id="ct110004176"/></text:p></table:table-cell></table:table-row><table:table-row table:style-name="Таблица2.5"><table:table-cell table:style-name="Таблица2.A2" office:value-type="string"><text:p text:style-name="P7"><text:change-start text:change-id="ct110005344"/>a2<text:change-end text:change-id="ct110005344"/></text:p></table:table-cell><table:table-cell table:style-name="Таблица2.A2" office:value-type="string"><text:p text:style-name="P7"><text:change-start text:change-id="ct110006224"/>integer<text:change-end text:change-id="ct110006224"/></text:p></table:table-cell><table:table-cell table:style-name="Таблица2.C2" office:value-type="string"><text:p text:style-name="P7"><text:change-start text:change-id="ct110007024"/>Четный эл-т массива<text:change-end text:change-id="ct110007024"/></text:p></table:table-cell></table:table-row></table:table><text:p text:style-name="P16"><text:change-start text:change-id="ct110042896"/></text:p><text:p text:style-name="P16"/><text:p text:style-name="P16"/><text:p text:style-name="P16"/><text:p text:style-name="P16"/><text:p text:style-name="P16"/><text:p text:style-name="P16"/><text:p text:style-name="P16"/><text:p text:style-name="P16"/><text:p text:style-name="P16"/><text:p text:style-name="P16"/><text:p text:style-name="P16"/><text:p text:style-name="P16"/><text:p text:style-name="P16"/><text:p text:style-name="P16"/><text:p text:style-name="P16"/><text:p text:style-name="P16"/><text:p text:style-name="P16"/><text:p text:style-name="P16"/><text:p text:style-name="P16"/><text:p text:style-name="P16"><text:change-end text:change-id="ct110042896"/><text:change-start text:change-id="ct110018144"/><text:soft-page-break/>Код программы</text:p><text:p text:style-name="P16"><draw:frame draw:style-name="fr2" draw:name="Изображение4" text:anchor-type="char" svg:width="16.514cm" svg:height="21.181cm" draw:z-index="3"><draw:image xlink:href="Pictures/100000000000032A0000040F7B8D5BF64E1CF3C3.png" xlink:type="simple" xlink:show="embed" xlink:actuate="onLoad" draw:mime-type="image/png"/></draw:frame></text:p><text:h text:style-name="P27" text:outline-level="3"><text:soft-page-break/>Задание <text:span text:style-name="T3">3</text:span><text:change-end text:change-id="ct110018144"/></text:h><text:p text:style-name="P20"><text:change text:change-id="ct112186832"/><text:change text:change-id="ct112186592"/><text:change text:change-id="ct110018784"/><text:change text:change-id="ct110018544"/><text:change-start text:change-id="ct112187072"/><text:span text:style-name="T6">Задача: </text:span><text:change-end text:change-id="ct112187072"/><text:change-start text:change-id="ct112187648"/><text:span text:style-name="T8">Заданы массивы A(5) и B(5). Получить массив C(10), расположив в начале его элементы массива A, а затем – элементы массива B. Для формирования массива С использовать один цикл.</text:span><text:change-end text:change-id="ct112187648"/><text:change-start text:change-id="ct112189056"/></text:p><text:p text:style-name="P18"><text:change-end text:change-id="ct112189056"/><text:change-start text:change-id="ct112189936"/></text:p><text:p text:style-name="P18"><text:change-end text:change-id="ct112189936"/><text:change text:change-id="ct112190176"/><text:change-start text:change-id="ct112191296"/>Блок-схема</text:p><text:p text:style-name="P16"><draw:frame draw:style-name="fr2" draw:name="Изображение6" text:anchor-type="char" svg:width="10.292cm" svg:height="17.757cm" draw:z-index="4"><draw:image xlink:href="Pictures/100000000000077900000CE4D43D1D30038CE3EC.png" xlink:type="simple" xlink:show="embed" xlink:actuate="onLoad" draw:mime-type="image/png"/></draw:frame></text:p><text:p text:style-name="P16"><text:soft-page-break/></text:p><text:p text:style-name="P16">Описание переменных<text:change-end text:change-id="ct112191296"/></text:p><table:table table:name="Таблица3" table:style-name="Таблица3"><table:table-column table:style-name="Таблица3.A" table:number-columns-repeated="3"/><table:table-row><table:table-cell table:style-name="Таблица3.A1" office:value-type="string"><text:p text:style-name="P11"><text:change-start text:change-id="ct110025152"/>Переменная<text:change-end text:change-id="ct110025152"/></text:p></table:table-cell><table:table-cell table:style-name="Таблица3.A1" office:value-type="string"><text:p text:style-name="P11"><text:change-start text:change-id="ct111070128"/>Тип<text:change-end text:change-id="ct111070128"/></text:p></table:table-cell><table:table-cell table:style-name="Таблица3.C1" office:value-type="string"><text:p text:style-name="P11"><text:change-start text:change-id="ct110026816"/>Суть<text:change-end text:change-id="ct110026816"/></text:p></table:table-cell></table:table-row><table:table-row><table:table-cell table:style-name="Таблица3.A2" office:value-type="string"><text:p text:style-name="P5"><text:change-start text:change-id="ct110027456"/>i<text:change-end text:change-id="ct110027456"/></text:p></table:table-cell><table:table-cell table:style-name="Таблица3.A2" office:value-type="string"><text:p text:style-name="P5"><text:change text:change-id="ct110028176"/><text:change-start text:change-id="ct110028416"/>integer<text:change-end text:change-id="ct110028416"/></text:p></table:table-cell><table:table-cell table:style-name="Таблица3.C2" office:value-type="string"><text:p text:style-name="P5"><text:change-start text:change-id="ct110029056"/>Счетчик цикла<text:change-end text:change-id="ct110029056"/></text:p></table:table-cell></table:table-row><table:table-row><table:table-cell table:style-name="Таблица3.A2" office:value-type="string"><text:p text:style-name="P5"><text:change-start text:change-id="ct111843968"/>a<text:change-end text:change-id="ct111843968"/></text:p></table:table-cell><table:table-cell table:style-name="Таблица3.A2" office:value-type="string"><text:p text:style-name="P5"><text:change-start text:change-id="ct112153216"/>Array <text:change-end text:change-id="ct112153216"/><text:change-start text:change-id="ct112153536"/>of integer<text:change-end text:change-id="ct112153536"/></text:p></table:table-cell><table:table-cell table:style-name="Таблица3.C2" office:value-type="string"><text:p text:style-name="P5"><text:change-start text:change-id="ct112154336"/>Массив a<text:change-end text:change-id="ct112154336"/></text:p></table:table-cell></table:table-row><table:table-row><table:table-cell table:style-name="Таблица3.A2" office:value-type="string"><text:p text:style-name="P5"><text:change-start text:change-id="ct112155424"/>b<text:change-end text:change-id="ct112155424"/></text:p></table:table-cell><table:table-cell table:style-name="Таблица3.A2" office:value-type="string"><text:p text:style-name="P5"><text:change-start text:change-id="ct112156256"/>Array of integer<text:change-end text:change-id="ct112156256"/></text:p></table:table-cell><table:table-cell table:style-name="Таблица3.C2" office:value-type="string"><text:p text:style-name="P5"><text:change-start text:change-id="ct112157104"/>Массив b<text:change-end text:change-id="ct112157104"/></text:p></table:table-cell></table:table-row><table:table-row><table:table-cell table:style-name="Таблица3.A2" office:value-type="string"><text:p text:style-name="P5"><text:change-start text:change-id="ct112158224"/>c<text:change-end text:change-id="ct112158224"/></text:p></table:table-cell><table:table-cell table:style-name="Таблица3.A2" office:value-type="string"><text:p text:style-name="P5"><text:change text:change-id="ct112159104"/><text:change-start text:change-id="ct112159424"/>Array of integer<text:change-end text:change-id="ct112159424"/></text:p></table:table-cell><table:table-cell table:style-name="Таблица3.C2" office:value-type="string"><text:p text:style-name="P5"><text:change-start text:change-id="ct112160176"/>Массив c<text:change-end text:change-id="ct112160176"/></text:p></table:table-cell></table:table-row></table:table><text:p text:style-name="P17"><text:change-start text:change-id="ct110035680"/></text:p><text:p text:style-name="P17">Код программы<text:change-end text:change-id="ct110035680"/><text:change-start text:change-id="ct112023872"/></text:p><text:p text:style-name="P17"><draw:frame draw:style-name="fr2" draw:name="Изображение3" text:anchor-type="char" svg:width="14.302cm" svg:height="15.122cm" draw:z-index="2"><draw:image xlink:href="Pictures/1000000000000285000002AA9FC8A4804295B262.png" xlink:type="simple" xlink:show="embed" xlink:actuate="onLoad" draw:mime-type="image/png"/></draw:frame><text:change-end text:change-id="ct112023872"/></text:p></office:text></office:body></office:document-content>