<?xml version="1.0" encoding="UTF-8"?>
<math xmlns="http://www.w3.org/1998/Math/MathML" display="block"><semantics><mrow><munderover><mo stretchy="false">∫</mo><mn>0,6</mn><mn>2,2</mn></munderover><mfrac><mrow><msqrt><mrow><mn>1,5</mn><mrow><mi>x</mi><mo stretchy="false">+</mo><mn>1</mn></mrow></mrow></msqrt><mi mathvariant="italic">dx</mi></mrow><mrow><mn>1,2</mn><mrow><mi>x</mi><mo stretchy="false">+</mo><msqrt><mrow><msup><mi>x</mi><mn>2</mn></msup><mo stretchy="false">+</mo><mn>1,8</mn></mrow></msqrt></mrow></mrow></mfrac></mrow><annotation encoding="StarMath 5.0">int from{0,6} to{2,2} { { sqrt{1,5x + 1} dx} over {1,2x + sqrt{x^2 + 1,8}}} </annotation></semantics></math>