<?xml version="1.0" encoding="UTF-8"?>
<office:document-content xmlns:officeooo="http://openoffice.org/2009/office" xmlns:css3t="http://www.w3.org/TR/css3-text/" xmlns:grddl="http://www.w3.org/2003/g/data-view#" xmlns:xhtml="http://www.w3.org/1999/xhtml" xmlns:formx="urn:openoffice:names:experimental:ooxml-odf-interop:xmlns:form:1.0" xmlns:xsi="http://www.w3.org/2001/XMLSchema-instance" xmlns:rpt="http://openoffice.org/2005/report" xmlns:dc="http://purl.org/dc/elements/1.1/" xmlns:chart="urn:oasis:names:tc:opendocument:xmlns:chart:1.0" xmlns:svg="urn:oasis:names:tc:opendocument:xmlns:svg-compatible:1.0" xmlns:draw="urn:oasis:names:tc:opendocument:xmlns:drawing:1.0" xmlns:text="urn:oasis:names:tc:opendocument:xmlns:text:1.0" xmlns:oooc="http://openoffice.org/2004/calc" xmlns:style="urn:oasis:names:tc:opendocument:xmlns:style:1.0" xmlns:ooow="http://openoffice.org/2004/writer" xmlns:meta="urn:oasis:names:tc:opendocument:xmlns:meta:1.0" xmlns:xlink="http://www.w3.org/1999/xlink" xmlns:fo="urn:oasis:names:tc:opendocument:xmlns:xsl-fo-compatible:1.0" xmlns:ooo="http://openoffice.org/2004/office" xmlns:office="urn:oasis:names:tc:opendocument:xmlns:office:1.0" xmlns:dr3d="urn:oasis:names:tc:opendocument:xmlns:dr3d:1.0" xmlns:table="urn:oasis:names:tc:opendocument:xmlns:table:1.0" xmlns:number="urn:oasis:names:tc:opendocument:xmlns:datastyle:1.0" xmlns:of="urn:oasis:names:tc:opendocument:xmlns:of:1.2" xmlns:calcext="urn:org:documentfoundation:names:experimental:calc:xmlns:calcext:1.0" xmlns:tableooo="http://openoffice.org/2009/table" xmlns:drawooo="http://openoffice.org/2010/draw" xmlns:loext="urn:org:documentfoundation:names:experimental:office:xmlns:loext:1.0" xmlns:dom="http://www.w3.org/2001/xml-events" xmlns:field="urn:openoffice:names:experimental:ooo-ms-interop:xmlns:field:1.0" xmlns:xsd="http://www.w3.org/2001/XMLSchema" xmlns:math="http://www.w3.org/1998/Math/MathML" xmlns:form="urn:oasis:names:tc:opendocument:xmlns:form:1.0" xmlns:script="urn:oasis:names:tc:opendocument:xmlns:script:1.0" xmlns:xforms="http://www.w3.org/2002/xforms" office:version="1.3"><office:scripts/><office:font-face-decls><style:font-face style:name="OpenSymbol" svg:font-family="OpenSymbol" style:font-charset="x-symbol"/><style:font-face style:name="Noto Sans Devanagari1" svg:font-family="&apos;Noto Sans Devanagari&apos;" style:font-family-generic="swiss"/><style:font-face style:name="Liberation Serif" svg:font-family="&apos;Liberation Serif&apos;" style:font-family-generic="roman" style:font-pitch="variable"/><style:font-face style:name="Liberation Sans" svg:font-family="&apos;Liberation Sans&apos;" style:font-family-generic="swiss" style:font-pitch="variable"/><style:font-face style:name="Noto Sans CJK SC" svg:font-family="&apos;Noto Sans CJK SC&apos;" style:font-family-generic="system" style:font-pitch="variable"/><style:font-face style:name="Noto Sans Devanagari" svg:font-family="&apos;Noto Sans Devanagari&apos;" style:font-family-generic="system" style:font-pitch="variable"/><style:font-face style:name="Noto Serif CJK SC" svg:font-family="&apos;Noto Serif CJK SC&apos;" style:font-family-generic="system" style:font-pitch="variable"/></office:font-face-decls><office:automatic-styles><style:style style:name="Таблица1" style:family="table" style:master-page-name=""><style:table-properties style:width="17cm" style:page-number="auto" table:align="margins" style:shadow="none" style:may-break-between-rows="true" table:border-model="collapsing"/></style:style><style:style style:name="Таблица1.A" style:family="table-column"><style:table-column-properties style:column-width="5.667cm" style:rel-column-width="21845*"/></style:style><style:style style:name="Таблица1.A1" style:family="table-cell"><style:table-cell-properties fo:background-color="transparent" fo:padding="0.097cm" fo:border-left="0.5pt solid #000000" fo:border-right="none" fo:border-top="0.5pt solid #000000" fo:border-bottom="0.5pt solid #000000" style:writing-mode="page"><style:background-image/></style:table-cell-properties></style:style><style:style style:name="Таблица1.C1" style:family="table-cell"><style:table-cell-properties fo:background-color="transparent" fo:padding="0.097cm" fo:border="0.5pt solid #000000" style:writing-mode="page"><style:background-image/></style:table-cell-properties></style:style><style:style style:name="Таблица1.2" style:family="table-row"><style:table-row-properties fo:keep-together="auto"/></style:style><style:style style:name="Таблица1.A2" style:family="table-cell"><style:table-cell-properties fo:background-color="transparent" fo:padding="0.097cm" fo:border-left="0.5pt solid #000000" fo:border-right="none" fo:border-top="none" fo:border-bottom="0.5pt solid #000000" style:writing-mode="page"><style:background-image/></style:table-cell-properties></style:style><style:style style:name="Таблица1.C2" style:family="table-cell"><style:table-cell-properties fo:background-color="transparent" fo:padding="0.097cm" fo:border-left="0.5pt solid #000000" fo:border-right="0.5pt solid #000000" fo:border-top="none" fo:border-bottom="0.5pt solid #000000" style:writing-mode="page"><style:background-image/></style:table-cell-properties></style:style><style:style style:name="Таблица2" style:family="table"><style:table-properties style:width="17cm" table:align="margins"/></style:style><style:style style:name="Таблица2.A" style:family="table-column"><style:table-column-properties style:column-width="5.667cm" style:rel-column-width="21845*"/></style:style><style:style style:name="Таблица2.A1" style:family="table-cell"><style:table-cell-properties fo:background-color="transparent" fo:padding="0.097cm" fo:border-left="0.5pt solid #000000" fo:border-right="none" fo:border-top="0.5pt solid #000000" fo:border-bottom="0.5pt solid #000000" style:writing-mode="page"><style:background-image/></style:table-cell-properties></style:style><style:style style:name="Таблица2.C1" style:family="table-cell"><style:table-cell-properties fo:background-color="transparent" fo:padding="0.097cm" fo:border="0.5pt solid #000000" style:writing-mode="page"><style:background-image/></style:table-cell-properties></style:style><style:style style:name="Таблица2.A2" style:family="table-cell"><style:table-cell-properties fo:background-color="transparent" fo:padding="0.097cm" fo:border-left="0.5pt solid #000000" fo:border-right="none" fo:border-top="none" fo:border-bottom="0.5pt solid #000000" style:writing-mode="page"><style:background-image/></style:table-cell-properties></style:style><style:style style:name="Таблица2.C2" style:family="table-cell"><style:table-cell-properties fo:background-color="transparent" fo:padding="0.097cm" fo:border-left="0.5pt solid #000000" fo:border-right="0.5pt solid #000000" fo:border-top="none" fo:border-bottom="0.5pt solid #000000" style:writing-mode="page"><style:background-image/></style:table-cell-properties></style:style><style:style style:name="Таблица3" style:family="table"><style:table-properties style:width="17cm" table:align="margins"/></style:style><style:style style:name="Таблица3.A" style:family="table-column"><style:table-column-properties style:column-width="5.667cm" style:rel-column-width="21845*"/></style:style><style:style style:name="Таблица3.A1" style:family="table-cell"><style:table-cell-properties fo:background-color="transparent" fo:padding="0.097cm" fo:border-left="0.5pt solid #000000" fo:border-right="none" fo:border-top="0.5pt solid #000000" fo:border-bottom="0.5pt solid #000000" style:writing-mode="page"><style:background-image/></style:table-cell-properties></style:style><style:style style:name="Таблица3.C1" style:family="table-cell"><style:table-cell-properties fo:background-color="transparent" fo:padding="0.097cm" fo:border="0.5pt solid #000000" style:writing-mode="page"><style:background-image/></style:table-cell-properties></style:style><style:style style:name="Таблица3.A2" style:family="table-cell"><style:table-cell-properties fo:background-color="transparent" fo:padding="0.097cm" fo:border-left="0.5pt solid #000000" fo:border-right="none" fo:border-top="none" fo:border-bottom="0.5pt solid #000000" style:writing-mode="page"><style:background-image/></style:table-cell-properties></style:style><style:style style:name="Таблица3.C2" style:family="table-cell"><style:table-cell-properties fo:background-color="transparent" fo:padding="0.097cm" fo:border-left="0.5pt solid #000000" fo:border-right="0.5pt solid #000000" fo:border-top="none" fo:border-bottom="0.5pt solid #000000" style:writing-mode="page"><style:background-image/></style:table-cell-properties></style:style><style:style style:name="Таблица4" style:family="table"><style:table-properties table:align="margins"/></style:style><style:style style:name="Таблица4.A" style:family="table-column"><style:table-column-properties style:rel-column-width="65535*"/></style:style><style:style style:name="Таблица4.A1" style:family="table-cell"><style:table-cell-properties fo:background-color="transparent" fo:padding="0.097cm" fo:border-left="0.5pt solid #000000" fo:border-right="none" fo:border-top="0.5pt solid #000000" fo:border-bottom="0.5pt solid #000000" style:writing-mode="page"><style:background-image/></style:table-cell-properties></style:style><style:style style:name="Таблица4.A2" style:family="table-cell"><style:table-cell-properties fo:background-color="transparent" fo:padding="0.097cm" fo:border-left="0.5pt solid #000000" fo:border-right="none" fo:border-top="none" fo:border-bottom="0.5pt solid #000000" style:writing-mode="page"><style:background-image/></style:table-cell-properties></style:style><style:style style:name="Таблица5" style:family="table"><style:table-properties table:align="margins"/></style:style><style:style style:name="Таблица5.A" style:family="table-column"><style:table-column-properties style:rel-column-width="65535*"/></style:style><style:style style:name="Таблица5.A1" style:family="table-cell"><style:table-cell-properties fo:background-color="transparent" fo:padding="0.097cm" fo:border-left="0.5pt solid #000000" fo:border-right="none" fo:border-top="0.5pt solid #000000" fo:border-bottom="0.5pt solid #000000" style:writing-mode="page"><style:background-image/></style:table-cell-properties></style:style><style:style style:name="Таблица5.A2" style:family="table-cell"><style:table-cell-properties fo:background-color="transparent" fo:padding="0.097cm" fo:border-left="0.5pt solid #000000" fo:border-right="none" fo:border-top="none" fo:border-bottom="0.5pt solid #000000" style:writing-mode="page"><style:background-image/></style:table-cell-properties></style:style><style:style style:name="Таблица4" style:family="table"><style:table-properties table:align="margins"/></style:style><style:style style:name="Таблица4.A" style:family="table-column"><style:table-column-properties style:rel-column-width="65535*"/></style:style><style:style style:name="Таблица4.A1" style:family="table-cell"><style:table-cell-properties fo:background-color="transparent" fo:padding="0.097cm" fo:border-left="0.5pt solid #000000" fo:border-right="none" fo:border-top="0.5pt solid #000000" fo:border-bottom="0.5pt solid #000000" style:writing-mode="page"><style:background-image/></style:table-cell-properties></style:style><style:style style:name="Таблица4.A2" style:family="table-cell"><style:table-cell-properties fo:background-color="transparent" fo:padding="0.097cm" fo:border-left="0.5pt solid #000000" fo:border-right="none" fo:border-top="none" fo:border-bottom="0.5pt solid #000000" style:writing-mode="page"><style:background-image/></style:table-cell-properties></style:style><style:style style:name="Таблица5" style:family="table"><style:table-properties table:align="margins"/></style:style><style:style style:name="Таблица5.A" style:family="table-column"><style:table-column-properties style:rel-column-width="65535*"/></style:style><style:style style:name="Таблица5.A1" style:family="table-cell"><style:table-cell-properties fo:background-color="transparent" fo:padding="0.097cm" fo:border-left="0.5pt solid #000000" fo:border-right="none" fo:border-top="0.5pt solid #000000" fo:border-bottom="0.5pt solid #000000" style:writing-mode="page"><style:background-image/></style:table-cell-properties></style:style><style:style style:name="Таблица5.A2" style:family="table-cell"><style:table-cell-properties fo:background-color="transparent" fo:padding="0.097cm" fo:border-left="0.5pt solid #000000" fo:border-right="none" fo:border-top="none" fo:border-bottom="0.5pt solid #000000" style:writing-mode="page"><style:background-image/></style:table-cell-properties></style:style><style:style style:name="P1" style:family="paragraph" style:parent-style-name="Header"><style:paragraph-properties fo:text-align="end" style:justify-single-word="false"/><style:text-properties officeooo:rsid="000a002d" officeooo:paragraph-rsid="000a002d"/></style:style><style:style style:name="P2" style:family="paragraph" style:parent-style-name="Header"><style:paragraph-properties fo:text-align="end" style:justify-single-word="false"/><style:text-properties officeooo:paragraph-rsid="000a002d"/></style:style><style:style style:name="P3" style:family="paragraph" style:parent-style-name="Footer"><style:paragraph-properties fo:text-align="center" style:justify-single-word="false"/></style:style><style:style style:name="P4" style:family="paragraph" style:parent-style-name="Table_20_Contents"><style:paragraph-properties fo:text-align="center" style:justify-single-word="false"/><style:text-properties officeooo:paragraph-rsid="003011ea"/></style:style><style:style style:name="P5" style:family="paragraph" style:parent-style-name="Table_20_Contents"><style:paragraph-properties fo:text-align="center" style:justify-single-word="false"/><style:text-properties fo:color="#000000" loext:opacity="100%" style:text-outline="false" style:text-line-through-style="none" style:text-line-through-type="none" style:font-name="Liberation Serif" fo:font-size="12pt" fo:font-style="normal" fo:text-shadow="none" style:text-underline-style="none" fo:font-weight="normal" officeooo:rsid="003011ea" officeooo:paragraph-rsid="003011ea" style:font-size-asian="12pt" style:font-style-asian="normal" style:font-weight-asian="normal" style:font-size-complex="12pt" style:font-style-complex="normal" style:font-weight-complex="normal" style:text-overline-style="none" style:text-overline-color="font-color"/></style:style><style:style style:name="P6" style:family="paragraph" style:parent-style-name="Table_20_Contents"><style:paragraph-properties fo:text-align="center" style:justify-single-word="false"/><style:text-properties fo:color="#000000" loext:opacity="100%" style:text-outline="false" style:text-line-through-style="none" style:text-line-through-type="none" style:font-name="Liberation Serif" fo:font-size="12pt" fo:font-style="normal" fo:text-shadow="none" style:text-underline-style="none" fo:font-weight="normal" officeooo:rsid="003011ea" officeooo:paragraph-rsid="00346600" style:font-size-asian="12pt" style:font-style-asian="normal" style:font-weight-asian="normal" style:font-size-complex="12pt" style:font-style-complex="normal" style:font-weight-complex="normal" style:text-overline-style="none" style:text-overline-color="font-color"/></style:style><style:style style:name="P7" style:family="paragraph" style:parent-style-name="Table_20_Contents"><style:paragraph-properties fo:text-align="center" style:justify-single-word="false"/><style:text-properties fo:color="#000000" loext:opacity="100%" style:text-outline="false" style:text-line-through-style="none" style:text-line-through-type="none" style:font-name="Liberation Serif" fo:font-size="12pt" fo:font-style="normal" fo:text-shadow="none" style:text-underline-style="none" fo:font-weight="normal" officeooo:rsid="00346600" officeooo:paragraph-rsid="00346600" style:font-size-asian="12pt" style:font-style-asian="normal" style:font-weight-asian="normal" style:font-size-complex="12pt" style:font-style-complex="normal" style:font-weight-complex="normal" style:text-overline-style="none" style:text-overline-color="font-color"/></style:style><style:style style:name="P8" style:family="paragraph" style:parent-style-name="Table_20_Contents"><style:paragraph-properties fo:text-align="center" style:justify-single-word="false"/><style:text-properties fo:color="#000000" loext:opacity="100%" style:text-outline="false" style:text-line-through-style="none" style:text-line-through-type="none" style:font-name="Liberation Serif" fo:font-size="12pt" fo:font-style="normal" fo:text-shadow="none" style:text-underline-style="none" fo:font-weight="bold" officeooo:rsid="003011ea" officeooo:paragraph-rsid="003011ea" style:font-size-asian="12pt" style:font-style-asian="normal" style:font-weight-asian="bold" style:font-size-complex="12pt" style:font-style-complex="normal" style:font-weight-complex="bold" style:text-overline-style="none" style:text-overline-color="font-color"/></style:style><style:style style:name="P9" style:family="paragraph" style:parent-style-name="Table_20_Contents"><style:paragraph-properties fo:text-align="center" style:justify-single-word="false"/><style:text-properties fo:color="#000000" loext:opacity="100%" style:text-outline="false" style:text-line-through-style="none" style:text-line-through-type="none" style:font-name="Liberation Serif" fo:font-size="12pt" fo:font-style="normal" fo:text-shadow="none" style:text-underline-style="none" fo:font-weight="bold" officeooo:rsid="003011ea" officeooo:paragraph-rsid="00346600" style:font-size-asian="12pt" style:font-style-asian="normal" style:font-weight-asian="bold" style:font-size-complex="12pt" style:font-style-complex="normal" style:font-weight-complex="bold" style:text-overline-style="none" style:text-overline-color="font-color"/></style:style><style:style style:name="P10" style:family="paragraph" style:parent-style-name="Text_20_body"><style:text-properties officeooo:paragraph-rsid="0027054a"/></style:style><style:style style:name="P11" style:family="paragraph" style:parent-style-name="Text_20_body"><style:paragraph-properties fo:text-align="center" style:justify-single-word="false"/><style:text-properties officeooo:paragraph-rsid="0027054a"/></style:style><style:style style:name="P12" style:family="paragraph" style:parent-style-name="Text_20_body"><style:paragraph-properties fo:text-align="center" style:justify-single-word="false"/><style:text-properties officeooo:paragraph-rsid="0032a735"/></style:style><style:style style:name="P13" style:family="paragraph" style:parent-style-name="Text_20_body"><style:paragraph-properties fo:text-align="center" style:justify-single-word="false"/><style:text-properties style:font-name="Liberation Sans" fo:font-size="14.1000003814697pt" fo:font-weight="bold" officeooo:rsid="0027054a" officeooo:paragraph-rsid="0027054a" style:font-name-asian="Noto Sans CJK SC" style:font-size-asian="14.1000003814697pt" style:font-weight-asian="bold" style:font-name-complex="Noto Sans Devanagari" style:font-size-complex="14.1000003814697pt" style:font-weight-complex="bold"/></style:style><style:style style:name="P14" style:family="paragraph" style:parent-style-name="Text_20_body"><style:paragraph-properties fo:text-align="center" style:justify-single-word="false"/><style:text-properties style:font-name="Liberation Sans" fo:font-size="14.1000003814697pt" fo:font-weight="bold" officeooo:rsid="0027054a" officeooo:paragraph-rsid="00346600" style:font-name-asian="Noto Sans CJK SC" style:font-size-asian="14.1000003814697pt" style:font-weight-asian="bold" style:font-name-complex="Noto Sans Devanagari" style:font-size-complex="14.1000003814697pt" style:font-weight-complex="bold"/></style:style><style:style style:name="P15" style:family="paragraph" style:parent-style-name="Text_20_body"><style:text-properties officeooo:paragraph-rsid="0033c0a1"/></style:style><style:style style:name="P16" style:family="paragraph" style:parent-style-name="Text_20_body"><style:text-properties officeooo:rsid="00369cf5" officeooo:paragraph-rsid="00369cf5"/></style:style><style:style style:name="P17" style:family="paragraph" style:parent-style-name="Header"><style:paragraph-properties fo:text-align="end" style:justify-single-word="false"/><style:text-properties officeooo:paragraph-rsid="000a002d"/></style:style><style:style style:name="P18" style:family="paragraph" style:parent-style-name="Heading_20_3"><style:text-properties officeooo:paragraph-rsid="0027054a"/></style:style><style:style style:name="P19" style:family="paragraph" style:parent-style-name="Heading_20_3"><style:text-properties style:font-name="Liberation Sans" fo:font-size="14.1000003814697pt" fo:font-weight="bold" officeooo:rsid="0027054a" officeooo:paragraph-rsid="0027054a" style:font-name-asian="Noto Sans CJK SC" style:font-size-asian="14.1000003814697pt" style:font-weight-asian="bold" style:font-name-complex="Noto Sans Devanagari" style:font-size-complex="14.1000003814697pt" style:font-weight-complex="bold"/></style:style><style:style style:name="P20" style:family="paragraph" style:parent-style-name="Heading_20_3"><style:text-properties style:font-name="Liberation Sans" fo:font-size="14.1000003814697pt" fo:font-weight="bold" officeooo:rsid="004178a1" officeooo:paragraph-rsid="004178a1" style:font-name-asian="Noto Sans CJK SC" style:font-size-asian="14.1000003814697pt" style:font-weight-asian="bold" style:font-name-complex="Noto Sans Devanagari" style:font-size-complex="14.1000003814697pt" style:font-weight-complex="bold"/></style:style><style:style style:name="P21" style:family="paragraph" style:parent-style-name="Heading_20_3"><style:text-properties officeooo:paragraph-rsid="0033c0a1"/></style:style><style:style style:name="P22" style:family="paragraph" style:parent-style-name="Heading_20_3"><style:paragraph-properties fo:text-align="center" style:justify-single-word="false"/><style:text-properties officeooo:rsid="0032a735" officeooo:paragraph-rsid="0032a735"/></style:style><style:style style:name="P23" style:family="paragraph" style:parent-style-name="Table_20_Contents"><style:paragraph-properties fo:text-align="center" style:justify-single-word="false"/><style:text-properties fo:color="#000000" loext:opacity="100%" style:text-outline="false" style:text-line-through-style="none" style:text-line-through-type="none" style:font-name="Liberation Serif" fo:font-size="12pt" fo:font-style="normal" fo:text-shadow="none" style:text-underline-style="none" fo:font-weight="normal" officeooo:rsid="003011ea" officeooo:paragraph-rsid="00346600" style:font-size-asian="12pt" style:font-style-asian="normal" style:font-weight-asian="normal" style:font-size-complex="12pt" style:font-style-complex="normal" style:font-weight-complex="normal" style:text-overline-style="none" style:text-overline-color="font-color"/></style:style><style:style style:name="P24" style:family="paragraph" style:parent-style-name="Table_20_Contents"><style:paragraph-properties fo:text-align="center" style:justify-single-word="false"/><style:text-properties fo:color="#000000" loext:opacity="100%" style:text-outline="false" style:text-line-through-style="none" style:text-line-through-type="none" style:font-name="Liberation Serif" fo:font-size="12pt" fo:font-style="normal" fo:text-shadow="none" style:text-underline-style="none" fo:font-weight="normal" officeooo:rsid="003011ea" officeooo:paragraph-rsid="0037f170" style:font-size-asian="12pt" style:font-style-asian="normal" style:font-weight-asian="normal" style:font-size-complex="12pt" style:font-style-complex="normal" style:font-weight-complex="normal" style:text-overline-style="none" style:text-overline-color="font-color"/></style:style><style:style style:name="P25" style:family="paragraph" style:parent-style-name="Table_20_Contents"><style:paragraph-properties fo:text-align="center" style:justify-single-word="false"/><style:text-properties fo:color="#000000" loext:opacity="100%" style:text-outline="false" style:text-line-through-style="none" style:text-line-through-type="none" style:font-name="Liberation Serif" fo:font-size="12pt" fo:font-style="normal" fo:text-shadow="none" style:text-underline-style="none" fo:font-weight="normal" officeooo:rsid="00346600" officeooo:paragraph-rsid="00346600" style:font-size-asian="12pt" style:font-style-asian="normal" style:font-weight-asian="normal" style:font-size-complex="12pt" style:font-style-complex="normal" style:font-weight-complex="normal" style:text-overline-style="none" style:text-overline-color="font-color"/></style:style><style:style style:name="P26" style:family="paragraph" style:parent-style-name="Table_20_Contents"><style:paragraph-properties fo:text-align="center" style:justify-single-word="false"/><style:text-properties fo:color="#000000" loext:opacity="100%" style:text-outline="false" style:text-line-through-style="none" style:text-line-through-type="none" style:font-name="Liberation Serif" fo:font-size="12pt" fo:font-style="normal" fo:text-shadow="none" style:text-underline-style="none" fo:font-weight="normal" officeooo:rsid="00346600" officeooo:paragraph-rsid="0037f170" style:font-size-asian="12pt" style:font-style-asian="normal" style:font-weight-asian="normal" style:font-size-complex="12pt" style:font-style-complex="normal" style:font-weight-complex="normal" style:text-overline-style="none" style:text-overline-color="font-color"/></style:style><style:style style:name="P27" style:family="paragraph" style:parent-style-name="Table_20_Contents"><style:paragraph-properties fo:text-align="center" style:justify-single-word="false"/><style:text-properties fo:color="#000000" loext:opacity="100%" style:text-outline="false" style:text-line-through-style="none" style:text-line-through-type="none" style:font-name="Liberation Serif" fo:font-size="12pt" fo:font-style="normal" fo:text-shadow="none" style:text-underline-style="none" fo:font-weight="normal" officeooo:rsid="003fd588" officeooo:paragraph-rsid="003fd588" style:font-size-asian="12pt" style:font-style-asian="normal" style:font-weight-asian="normal" style:font-size-complex="12pt" style:font-style-complex="normal" style:font-weight-complex="normal" style:text-overline-style="none" style:text-overline-color="font-color"/></style:style><style:style style:name="P28" style:family="paragraph" style:parent-style-name="Table_20_Contents"><style:paragraph-properties fo:text-align="center" style:justify-single-word="false"/><style:text-properties fo:color="#000000" loext:opacity="100%" style:text-outline="false" style:text-line-through-style="none" style:text-line-through-type="none" style:font-name="Liberation Serif" fo:font-size="12pt" fo:font-style="normal" fo:text-shadow="none" style:text-underline-style="none" fo:font-weight="normal" officeooo:rsid="002b4068" officeooo:paragraph-rsid="002b4068" style:font-size-asian="12pt" style:font-style-asian="normal" style:font-weight-asian="normal" style:font-size-complex="12pt" style:font-style-complex="normal" style:font-weight-complex="normal" style:text-overline-style="none" style:text-overline-color="font-color"/></style:style><style:style style:name="P29" style:family="paragraph" style:parent-style-name="Table_20_Contents"><style:paragraph-properties fo:text-align="center" style:justify-single-word="false"/><style:text-properties fo:color="#000000" loext:opacity="100%" style:text-outline="false" style:text-line-through-style="none" style:text-line-through-type="none" style:font-name="Liberation Serif" fo:font-size="12pt" fo:font-style="normal" fo:text-shadow="none" style:text-underline-style="none" fo:font-weight="bold" officeooo:rsid="002b4068" officeooo:paragraph-rsid="002b4068" style:font-size-asian="12pt" style:font-style-asian="normal" style:font-weight-asian="bold" style:font-size-complex="12pt" style:font-style-complex="normal" style:font-weight-complex="bold" style:text-overline-style="none" style:text-overline-color="font-color"/></style:style><style:style style:name="P30" style:family="paragraph" style:parent-style-name="Text_20_body"><style:text-properties fo:font-weight="bold" officeooo:rsid="000c41be" officeooo:paragraph-rsid="0033c0a1" style:font-weight-asian="bold" style:font-weight-complex="bold"/></style:style><style:style style:name="P31" style:family="paragraph" style:parent-style-name="Text_20_body"><style:text-properties officeooo:paragraph-rsid="0033c0a1"/></style:style><style:style style:name="P32" style:family="paragraph" style:parent-style-name="Text_20_body"><style:paragraph-properties fo:text-align="center" style:justify-single-word="false"/><style:text-properties officeooo:paragraph-rsid="0027054a"/></style:style><style:style style:name="P33" style:family="paragraph" style:parent-style-name="Text_20_body"><style:paragraph-properties fo:text-align="center" style:justify-single-word="false"/><style:text-properties style:font-name="Liberation Sans" fo:font-size="14.1000003814697pt" fo:font-weight="bold" officeooo:rsid="0027054a" officeooo:paragraph-rsid="0027054a" style:font-name-asian="Noto Sans CJK SC" style:font-size-asian="14.1000003814697pt" style:font-weight-asian="bold" style:font-name-complex="Noto Sans Devanagari" style:font-size-complex="14.1000003814697pt" style:font-weight-complex="bold"/></style:style><style:style style:name="P34" style:family="paragraph" style:parent-style-name="Text_20_body"><style:paragraph-properties fo:text-align="center" style:justify-single-word="false"/><style:text-properties style:font-name="Liberation Sans" fo:font-size="14.1000003814697pt" fo:font-weight="bold" officeooo:rsid="0027054a" officeooo:paragraph-rsid="00346600" style:font-name-asian="Noto Sans CJK SC" style:font-size-asian="14.1000003814697pt" style:font-weight-asian="bold" style:font-name-complex="Noto Sans Devanagari" style:font-size-complex="14.1000003814697pt" style:font-weight-complex="bold"/></style:style><style:style style:name="T1" style:family="text"><style:text-properties officeooo:rsid="000a002d"/></style:style><style:style style:name="T2" style:family="text"><style:text-properties officeooo:rsid="00287895"/></style:style><style:style style:name="T3" style:family="text"><style:text-properties fo:color="#000000" loext:opacity="100%" style:text-outline="false" style:text-line-through-style="none" style:text-line-through-type="none" style:font-name="Liberation Serif" fo:font-size="12pt" fo:font-style="normal" fo:text-shadow="none" style:text-underline-style="none" fo:font-weight="normal" officeooo:rsid="003011ea" style:font-size-asian="12pt" style:font-style-asian="normal" style:font-weight-asian="normal" style:font-size-complex="12pt" style:font-style-complex="normal" style:font-weight-complex="normal" style:text-overline-style="none" style:text-overline-color="font-color"/></style:style><style:style style:name="T4" style:family="text"><style:text-properties officeooo:rsid="0027054a"/></style:style><style:style style:name="T5" style:family="text"><style:text-properties style:font-name="Liberation Sans" fo:font-size="18.2000007629395pt" fo:font-weight="bold" officeooo:rsid="0027054a" style:font-name-asian="Noto Sans CJK SC" style:font-size-asian="18.2000007629395pt" style:font-weight-asian="bold" style:font-name-complex="Noto Sans Devanagari" style:font-size-complex="18.2000007629395pt" style:font-weight-complex="bold"/></style:style><style:style style:name="T6" style:family="text"><style:text-properties style:font-name="Liberation Sans" fo:font-size="14.1000003814697pt" fo:font-weight="bold" officeooo:rsid="0027054a" style:font-name-asian="Noto Sans CJK SC" style:font-size-asian="14.1000003814697pt" style:font-weight-asian="bold" style:font-name-complex="Noto Sans Devanagari" style:font-size-complex="14.1000003814697pt" style:font-weight-complex="bold"/></style:style><style:style style:name="T7" style:family="text"><style:text-properties fo:font-weight="bold" style:font-weight-asian="bold" style:font-weight-complex="bold"/></style:style><style:style style:name="T8" style:family="text"><style:text-properties fo:font-weight="bold" officeooo:rsid="000c41be" style:font-weight-asian="bold" style:font-weight-complex="bold"/></style:style><style:style style:name="T9" style:family="text"><style:text-properties fo:font-weight="normal" style:font-weight-asian="normal" style:font-weight-complex="normal"/></style:style><style:style style:name="T10" style:family="text"><style:text-properties officeooo:rsid="003011ea"/></style:style><style:style style:name="T11" style:family="text"><style:text-properties officeooo:rsid="00346600"/></style:style><style:style style:name="T12" style:family="text"><style:text-properties officeooo:rsid="003fd588"/></style:style><style:style style:name="fr1" style:family="graphic" style:parent-style-name="Graphics"><style:graphic-properties style:run-through="foreground" style:wrap="none" style:horizontal-pos="center" style:horizontal-rel="paragraph" style:mirror="none" fo:clip="rect(0cm, 0cm, 0cm, 0cm)" draw:luminance="0%" draw:contrast="0%" draw:red="0%" draw:green="0%" draw:blue="0%" draw:gamma="100%" draw:color-inversion="false" draw:image-opacity="100%" draw:color-mode="standard"/></style:style><style:style style:name="fr2" style:family="graphic" style:parent-style-name="Graphics"><style:graphic-properties style:run-through="foreground" style:wrap="none" style:vertical-pos="top" style:vertical-rel="paragraph" style:horizontal-pos="center" style:horizontal-rel="paragraph" style:mirror="none" fo:clip="rect(0cm, 0cm, 0cm, 0cm)" draw:luminance="0%" draw:contrast="0%" draw:red="0%" draw:green="0%" draw:blue="0%" draw:gamma="100%" draw:color-inversion="false" draw:image-opacity="100%" draw:color-mode="standard"/></style:style><style:style style:name="fr3" style:family="graphic" style:parent-style-name="Graphics"><style:graphic-properties style:run-through="foreground" style:wrap="none" style:vertical-pos="top" style:vertical-rel="paragraph" style:mirror="none" fo:clip="rect(0cm, 0cm, 0cm, 0cm)" draw:luminance="0%" draw:contrast="0%" draw:red="0%" draw:green="0%" draw:blue="0%" draw:gamma="100%" draw:color-inversion="false" draw:image-opacity="100%" draw:color-mode="standard"/></style:style><style:style style:name="fr4" style:family="graphic" style:parent-style-name="Graphics"><style:graphic-properties style:horizontal-pos="center" style:horizontal-rel="paragraph" style:mirror="none" fo:clip="rect(0cm, 0cm, 0cm, 0cm)" draw:luminance="0%" draw:contrast="0%" draw:red="0%" draw:green="0%" draw:blue="0%" draw:gamma="100%" draw:color-inversion="false" draw:image-opacity="100%" draw:color-mode="standard"/></style:style><style:style style:name="fr5" style:family="graphic" style:parent-style-name="Formula"><style:graphic-properties style:vertical-pos="from-top" style:horizontal-pos="from-left" style:horizontal-rel="paragraph-content" draw:ole-draw-aspect="1"/></style:style></office:automatic-styles><office:body><office:text text:use-soft-page-breaks="true"><office:forms form:automatic-focus="false" form:apply-design-mode="false"/><text:tracked-changes><text:changed-region xml:id="ct191895184" text:id="ct191895184"><text:deletion><office:change-info><dc:creator>&lt;анонимный&gt;</dc:creator><dc:date>2020-10-15T20:50:59</dc:date></office:change-info><text:h text:style-name="Heading_20_1" text:outline-level="1">Самостоятельная работа №1</text:h></text:deletion></text:changed-region><text:changed-region xml:id="ct225094608" text:id="ct225094608"><text:insertion><office:change-info><dc:creator>&lt;анонимный&gt;</dc:creator><dc:date>2020-10-15T20:50:59</dc:date></office:change-info></text:insertion></text:changed-region><text:changed-region xml:id="ct191901808" text:id="ct191901808"><text:insertion><office:change-info><dc:creator>&lt;анонимный&gt;</dc:creator><dc:date>2020-10-15T20:51:00</dc:date></office:change-info></text:insertion></text:changed-region><text:changed-region xml:id="ct191903456" text:id="ct191903456"><text:insertion><office:change-info><dc:creator>&lt;анонимный&gt;</dc:creator><dc:date>2020-10-15T20:54:25</dc:date></office:change-info></text:insertion></text:changed-region><text:changed-region xml:id="ct191943776" text:id="ct191943776"><text:insertion><office:change-info><dc:creator>&lt;анонимный&gt;</dc:creator><dc:date>2020-10-15T20:54:27</dc:date></office:change-info></text:insertion></text:changed-region><text:changed-region xml:id="ct191928528" text:id="ct191928528"><text:insertion><office:change-info><dc:creator>&lt;анонимный&gt;</dc:creator><dc:date>2020-10-15T20:54:27</dc:date></office:change-info></text:insertion></text:changed-region><text:changed-region xml:id="ct191851392" text:id="ct191851392"><text:insertion><office:change-info><dc:creator>&lt;анонимный&gt;</dc:creator><dc:date>2020-10-15T20:54:27</dc:date></office:change-info></text:insertion></text:changed-region><text:changed-region xml:id="ct191930384" text:id="ct191930384"><text:insertion><office:change-info><dc:creator>&lt;анонимный&gt;</dc:creator><dc:date>2020-10-15T20:54:27</dc:date></office:change-info></text:insertion></text:changed-region><text:changed-region xml:id="ct270793552" text:id="ct270793552"><text:insertion><office:change-info><dc:creator>&lt;анонимный&gt;</dc:creator><dc:date>2020-10-18T00:29:39</dc:date></office:change-info></text:insertion></text:changed-region><text:changed-region xml:id="ct191971168" text:id="ct191971168"><text:insertion><office:change-info><dc:creator>&lt;анонимный&gt;</dc:creator><dc:date>2020-10-15T20:54:27</dc:date></office:change-info></text:insertion></text:changed-region><text:changed-region xml:id="ct191972000" text:id="ct191972000"><text:insertion><office:change-info><dc:creator>&lt;анонимный&gt;</dc:creator><dc:date>2020-10-15T21:14:09</dc:date></office:change-info></text:insertion></text:changed-region><text:changed-region xml:id="ct191997344" text:id="ct191997344"><text:insertion><office:change-info><dc:creator>&lt;анонимный&gt;</dc:creator><dc:date>2020-10-15T20:54:27</dc:date></office:change-info></text:insertion></text:changed-region><text:changed-region xml:id="ct192002256" text:id="ct192002256"><text:insertion><office:change-info><dc:creator>&lt;анонимный&gt;</dc:creator><dc:date>2020-10-15T22:21:17</dc:date></office:change-info></text:insertion></text:changed-region><text:changed-region xml:id="ct191853568" text:id="ct191853568"><text:insertion><office:change-info><dc:creator>&lt;анонимный&gt;</dc:creator><dc:date>2020-10-15T20:54:27</dc:date></office:change-info></text:insertion></text:changed-region><text:changed-region xml:id="ct192003920" text:id="ct192003920"><text:insertion><office:change-info><dc:creator>&lt;анонимный&gt;</dc:creator><dc:date>2020-10-15T20:54:27</dc:date></office:change-info></text:insertion></text:changed-region><text:changed-region xml:id="ct192004608" text:id="ct192004608"><text:insertion><office:change-info><dc:creator>&lt;анонимный&gt;</dc:creator><dc:date>2020-10-15T22:21:33</dc:date></office:change-info></text:insertion></text:changed-region><text:changed-region xml:id="ct192005296" text:id="ct192005296"><text:insertion><office:change-info><dc:creator>&lt;анонимный&gt;</dc:creator><dc:date>2020-10-15T22:21:49</dc:date></office:change-info></text:insertion></text:changed-region><text:changed-region xml:id="ct192006032" text:id="ct192006032"><text:insertion><office:change-info><dc:creator>&lt;анонимный&gt;</dc:creator><dc:date>2020-10-15T22:23:54</dc:date></office:change-info></text:insertion></text:changed-region><text:changed-region xml:id="ct192006784" text:id="ct192006784"><text:insertion><office:change-info><dc:creator>&lt;анонимный&gt;</dc:creator><dc:date>2020-10-15T22:22:09</dc:date></office:change-info></text:insertion></text:changed-region><text:changed-region xml:id="ct192191888" text:id="ct192191888"><text:insertion><office:change-info><dc:creator>&lt;анонимный&gt;</dc:creator><dc:date>2020-10-15T22:23:59</dc:date></office:change-info></text:insertion></text:changed-region><text:changed-region xml:id="ct192193664" text:id="ct192193664"><text:insertion><office:change-info><dc:creator>&lt;анонимный&gt;</dc:creator><dc:date>2020-10-15T22:24:00</dc:date></office:change-info></text:insertion></text:changed-region><text:changed-region xml:id="ct191948176" text:id="ct191948176"><text:insertion><office:change-info><dc:creator>&lt;анонимный&gt;</dc:creator><dc:date>2020-10-15T22:21:33</dc:date></office:change-info></text:insertion></text:changed-region><text:changed-region xml:id="ct192195136" text:id="ct192195136"><text:insertion><office:change-info><dc:creator>&lt;анонимный&gt;</dc:creator><dc:date>2020-10-15T22:21:52</dc:date></office:change-info></text:insertion></text:changed-region><text:changed-region xml:id="ct192195776" text:id="ct192195776"><text:insertion><office:change-info><dc:creator>&lt;анонимный&gt;</dc:creator><dc:date>2020-10-15T22:22:38</dc:date></office:change-info></text:insertion></text:changed-region><text:changed-region xml:id="ct192196464" text:id="ct192196464"><text:insertion><office:change-info><dc:creator>&lt;анонимный&gt;</dc:creator><dc:date>2020-10-15T22:21:34</dc:date></office:change-info></text:insertion></text:changed-region><text:changed-region xml:id="ct192197152" text:id="ct192197152"><text:insertion><office:change-info><dc:creator>&lt;анонимный&gt;</dc:creator><dc:date>2020-10-15T22:21:52</dc:date></office:change-info></text:insertion></text:changed-region><text:changed-region xml:id="ct192197952" text:id="ct192197952"><text:insertion><office:change-info><dc:creator>&lt;анонимный&gt;</dc:creator><dc:date>2020-10-15T22:22:28</dc:date></office:change-info></text:insertion></text:changed-region><text:changed-region xml:id="ct192199072" text:id="ct192199072"><text:insertion><office:change-info><dc:creator>&lt;анонимный&gt;</dc:creator><dc:date>2020-10-15T22:21:34</dc:date></office:change-info></text:insertion></text:changed-region><text:changed-region xml:id="ct192199920" text:id="ct192199920"><text:insertion><office:change-info><dc:creator>&lt;анонимный&gt;</dc:creator><dc:date>2020-10-15T22:21:53</dc:date></office:change-info></text:insertion></text:changed-region><text:changed-region xml:id="ct192200720" text:id="ct192200720"><text:insertion><office:change-info><dc:creator>&lt;анонимный&gt;</dc:creator><dc:date>2020-10-15T22:22:48</dc:date></office:change-info></text:insertion></text:changed-region><text:changed-region xml:id="ct192201040" text:id="ct192201040"><text:insertion><office:change-info><dc:creator>&lt;анонимный&gt;</dc:creator><dc:date>2020-10-15T22:23:05</dc:date></office:change-info></text:insertion></text:changed-region><text:changed-region xml:id="ct192202080" text:id="ct192202080"><text:insertion><office:change-info><dc:creator>&lt;анонимный&gt;</dc:creator><dc:date>2020-10-15T22:21:39</dc:date></office:change-info></text:insertion></text:changed-region><text:changed-region xml:id="ct192202880" text:id="ct192202880"><text:insertion><office:change-info><dc:creator>&lt;анонимный&gt;</dc:creator><dc:date>2020-10-15T22:21:54</dc:date></office:change-info></text:insertion></text:changed-region><text:changed-region xml:id="ct192203680" text:id="ct192203680"><text:insertion><office:change-info><dc:creator>&lt;анонимный&gt;</dc:creator><dc:date>2020-10-15T22:23:35</dc:date></office:change-info></text:insertion></text:changed-region><text:changed-region xml:id="ct192204768" text:id="ct192204768"><text:insertion><office:change-info><dc:creator>&lt;анонимный&gt;</dc:creator><dc:date>2020-10-15T22:21:39</dc:date></office:change-info></text:insertion></text:changed-region><text:changed-region xml:id="ct192205568" text:id="ct192205568"><text:insertion><office:change-info><dc:creator>&lt;анонимный&gt;</dc:creator><dc:date>2020-10-15T22:21:59</dc:date></office:change-info></text:insertion></text:changed-region><text:changed-region xml:id="ct192206368" text:id="ct192206368"><text:insertion><office:change-info><dc:creator>&lt;анонимный&gt;</dc:creator><dc:date>2020-10-15T22:23:41</dc:date></office:change-info></text:insertion></text:changed-region><text:changed-region xml:id="ct192616224" text:id="ct192616224"><text:insertion><office:change-info><dc:creator>&lt;анонимный&gt;</dc:creator><dc:date>2020-10-15T22:21:42</dc:date></office:change-info></text:insertion></text:changed-region><text:changed-region xml:id="ct225335280" text:id="ct225335280"><text:insertion><office:change-info><dc:creator>&lt;анонимный&gt;</dc:creator><dc:date>2020-10-15T22:21:59</dc:date></office:change-info></text:insertion></text:changed-region><text:changed-region xml:id="ct192617056" text:id="ct192617056"><text:insertion><office:change-info><dc:creator>&lt;анонимный&gt;</dc:creator><dc:date>2020-10-15T22:24:04</dc:date></office:change-info></text:insertion></text:changed-region><text:changed-region xml:id="ct192618064" text:id="ct192618064"><text:insertion><office:change-info><dc:creator>&lt;анонимный&gt;</dc:creator><dc:date>2020-10-15T22:21:43</dc:date></office:change-info></text:insertion></text:changed-region><text:changed-region xml:id="ct192618864" text:id="ct192618864"><text:insertion><office:change-info><dc:creator>&lt;анонимный&gt;</dc:creator><dc:date>2020-10-15T22:22:01</dc:date></office:change-info></text:insertion></text:changed-region><text:changed-region xml:id="ct192619744" text:id="ct192619744"><text:insertion><office:change-info><dc:creator>&lt;анонимный&gt;</dc:creator><dc:date>2020-10-15T22:24:32</dc:date></office:change-info></text:insertion></text:changed-region><text:changed-region xml:id="ct247790992" text:id="ct247790992"><text:insertion><office:change-info><dc:creator>&lt;анонимный&gt;</dc:creator><dc:date>2020-10-18T01:18:42</dc:date></office:change-info></text:insertion></text:changed-region><text:changed-region xml:id="ct192633872" text:id="ct192633872"><text:insertion><office:change-info><dc:creator>&lt;анонимный&gt;</dc:creator><dc:date>2020-10-18T13:38:43</dc:date></office:change-info></text:insertion></text:changed-region><text:changed-region xml:id="ct192634256" text:id="ct192634256"><text:insertion><office:change-info><dc:creator>&lt;анонимный&gt;</dc:creator><dc:date>2020-10-15T20:54:27</dc:date></office:change-info></text:insertion></text:changed-region><text:changed-region xml:id="ct192640512" text:id="ct192640512"><text:deletion><office:change-info><dc:creator>&lt;анонимный&gt;</dc:creator><dc:date>2020-10-15T20:55:41</dc:date></office:change-info><text:p text:style-name="P15"><text:span text:style-name="T7">Задача­:</text:span></text:p></text:deletion></text:changed-region><text:changed-region xml:id="ct192640272" text:id="ct192640272"><text:deletion><office:change-info><dc:creator>&lt;анонимный&gt;</dc:creator><dc:date>2020-10-15T20:51:15</dc:date></office:change-info><text:p text:style-name="P15"><text:a xlink:type="simple" xlink:href="http://docs.cntd.ru/document/9041994" text:style-name="Internet_20_link" text:visited-style-name="Visited_20_Internet_20_Link"><text:span text:style-name="T8">Источник</text:span></text:a><text:span text:style-name="T7">Задание 2: ГОСТ на написание блок–схем</text:span></text:p><text:p text:style-name="P30"/><text:p text:style-name="P15"><text:span text:style-name="T7"/></text:p></text:deletion></text:changed-region><text:changed-region xml:id="ct192635280" text:id="ct192635280"><text:deletion><office:change-info><dc:creator>&lt;анонимный&gt;</dc:creator><dc:date>2020-09-13T16:33:25</dc:date></office:change-info><text:p text:style-name="P15"><text:span text:style-name="T7"/></text:p><text:p text:style-name="P15"><text:span text:style-name="T7"/></text:p></text:deletion></text:changed-region><text:changed-region xml:id="ct192634928" text:id="ct192634928"><text:deletion><office:change-info><dc:creator>&lt;анонимный&gt;</dc:creator><dc:date>2020-10-15T20:51:15</dc:date></office:change-info><text:p text:style-name="P15"><text:span text:style-name="T7">Задание 3: Вспомогательные формулы</text:span></text:p></text:deletion></text:changed-region><text:changed-region xml:id="ct192390640" text:id="ct192390640"><text:insertion><office:change-info><dc:creator>&lt;анонимный&gt;</dc:creator><dc:date>2020-10-15T20:55:44</dc:date></office:change-info></text:insertion></text:changed-region><text:changed-region xml:id="ct192371040" text:id="ct192371040"><text:insertion><office:change-info><dc:creator>&lt;анонимный&gt;</dc:creator><dc:date>2020-10-15T20:56:00</dc:date></office:change-info></text:insertion></text:changed-region><text:changed-region xml:id="ct192391872" text:id="ct192391872"><text:insertion><office:change-info><dc:creator>&lt;анонимный&gt;</dc:creator><dc:date>2020-10-15T23:03:23</dc:date></office:change-info></text:insertion></text:changed-region><text:changed-region xml:id="ct192405696" text:id="ct192405696"><text:insertion><office:change-info><dc:creator>&lt;анонимный&gt;</dc:creator><dc:date>2020-10-15T20:57:24</dc:date></office:change-info></text:insertion></text:changed-region><text:changed-region xml:id="ct192403168" text:id="ct192403168"><text:insertion><office:change-info><dc:creator>&lt;анонимный&gt;</dc:creator><dc:date>2020-10-15T20:57:24</dc:date></office:change-info></text:insertion></text:changed-region><text:changed-region xml:id="ct185424288" text:id="ct185424288"><text:insertion><office:change-info><dc:creator>&lt;анонимный&gt;</dc:creator><dc:date>2020-10-15T20:57:24</dc:date></office:change-info></text:insertion></text:changed-region><text:changed-region xml:id="ct192415312" text:id="ct192415312"><text:insertion><office:change-info><dc:creator>&lt;анонимный&gt;</dc:creator><dc:date>2020-10-15T20:57:24</dc:date></office:change-info></text:insertion></text:changed-region><text:changed-region xml:id="ct192415936" text:id="ct192415936"><text:insertion><office:change-info><dc:creator>&lt;анонимный&gt;</dc:creator><dc:date>2020-10-16T09:40:12</dc:date></office:change-info></text:insertion></text:changed-region><text:changed-region xml:id="ct192416656" text:id="ct192416656"><text:insertion><office:change-info><dc:creator>&lt;анонимный&gt;</dc:creator><dc:date>2020-10-16T13:08:01</dc:date></office:change-info></text:insertion></text:changed-region><text:changed-region xml:id="ct192416928" text:id="ct192416928"><text:deletion><office:change-info><dc:creator>&lt;анонимный&gt;</dc:creator><dc:date>2020-10-16T13:08:01</dc:date></office:change-info><text:p text:style-name="P6"/><table:table table:name="Таблица4" table:style-name="Таблица4"><table:table-column table:style-name="Таблица4.A"/><table:table-row><table:table-cell table:style-name="Таблица4.A1" office:value-type="string"><text:p text:style-name="P24">real</text:p></table:table-cell></table:table-row><table:table-row><table:table-cell table:style-name="Таблица4.A2" office:value-type="string"><text:p text:style-name="P26">real</text:p></table:table-cell></table:table-row><table:table-row><table:table-cell table:style-name="Таблица4.A2" office:value-type="string"><text:p text:style-name="P26">real</text:p></table:table-cell></table:table-row><table:table-row><table:table-cell table:style-name="Таблица4.A2" office:value-type="string"><text:p text:style-name="P26">real</text:p></table:table-cell></table:table-row></table:table><text:p text:style-name="P6"/></text:deletion></text:changed-region><text:changed-region xml:id="ct192417952" text:id="ct192417952"><text:insertion><office:change-info><dc:creator>&lt;анонимный&gt;</dc:creator><dc:date>2020-10-16T09:41:27</dc:date></office:change-info></text:insertion></text:changed-region><text:changed-region xml:id="ct191929408" text:id="ct191929408"><text:insertion><office:change-info><dc:creator>&lt;анонимный&gt;</dc:creator><dc:date>2020-10-16T09:40:14</dc:date></office:change-info></text:insertion></text:changed-region><text:changed-region xml:id="ct192419056" text:id="ct192419056"><text:insertion><office:change-info><dc:creator>&lt;анонимный&gt;</dc:creator><dc:date>2020-10-16T13:08:01</dc:date></office:change-info></text:insertion></text:changed-region><text:changed-region xml:id="ct192421680" text:id="ct192421680"><text:insertion><office:change-info><dc:creator>&lt;анонимный&gt;</dc:creator><dc:date>2020-10-16T09:41:16</dc:date></office:change-info></text:insertion></text:changed-region><text:changed-region xml:id="ct131660064" text:id="ct131660064"><text:insertion><office:change-info><dc:creator>&lt;анонимный&gt;</dc:creator><dc:date>2020-10-15T20:57:24</dc:date></office:change-info></text:insertion></text:changed-region><text:changed-region xml:id="ct131660912" text:id="ct131660912"><text:insertion><office:change-info><dc:creator>&lt;анонимный&gt;</dc:creator><dc:date>2020-10-15T20:57:24</dc:date></office:change-info></text:insertion></text:changed-region><text:changed-region xml:id="ct131661712" text:id="ct131661712"><text:insertion><office:change-info><dc:creator>&lt;анонимный&gt;</dc:creator><dc:date>2020-10-16T09:41:37</dc:date></office:change-info></text:insertion></text:changed-region><text:changed-region xml:id="ct131662832" text:id="ct131662832"><text:insertion><office:change-info><dc:creator>&lt;анонимный&gt;</dc:creator><dc:date>2020-10-16T09:40:18</dc:date></office:change-info></text:insertion></text:changed-region><text:changed-region xml:id="ct131664000" text:id="ct131664000"><text:insertion><office:change-info><dc:creator>&lt;анонимный&gt;</dc:creator><dc:date>2020-10-16T13:08:04</dc:date></office:change-info></text:insertion></text:changed-region><text:changed-region xml:id="ct131664320" text:id="ct131664320"><text:deletion><office:change-info><dc:creator>&lt;анонимный&gt;</dc:creator><dc:date>2020-10-16T13:08:04</dc:date></office:change-info><text:p text:style-name="P6"/><table:table table:name="Таблица5" table:style-name="Таблица5"><table:table-column table:style-name="Таблица5.A"/><table:table-row><table:table-cell table:style-name="Таблица5.A1" office:value-type="string"><text:p text:style-name="P24">real</text:p></table:table-cell></table:table-row><table:table-row><table:table-cell table:style-name="Таблица5.A2" office:value-type="string"><text:p text:style-name="P26">real</text:p></table:table-cell></table:table-row><table:table-row><table:table-cell table:style-name="Таблица5.A2" office:value-type="string"><text:p text:style-name="P26">real</text:p></table:table-cell></table:table-row><table:table-row><table:table-cell table:style-name="Таблица5.A2" office:value-type="string"><text:p text:style-name="P26">real</text:p></table:table-cell></table:table-row></table:table><text:p text:style-name="P6"/></text:deletion></text:changed-region><text:changed-region xml:id="ct131664944" text:id="ct131664944"><text:insertion><office:change-info><dc:creator>&lt;анонимный&gt;</dc:creator><dc:date>2020-10-16T09:41:53</dc:date></office:change-info></text:insertion></text:changed-region><text:changed-region xml:id="ct131665872" text:id="ct131665872"><text:insertion><office:change-info><dc:creator>&lt;анонимный&gt;</dc:creator><dc:date>2020-10-16T09:40:21</dc:date></office:change-info></text:insertion></text:changed-region><text:changed-region xml:id="ct131666672" text:id="ct131666672"><text:insertion><office:change-info><dc:creator>&lt;анонимный&gt;</dc:creator><dc:date>2020-10-16T13:08:04</dc:date></office:change-info></text:insertion></text:changed-region><text:changed-region xml:id="ct131667520" text:id="ct131667520"><text:insertion><office:change-info><dc:creator>&lt;анонимный&gt;</dc:creator><dc:date>2020-10-16T09:40:29</dc:date></office:change-info></text:insertion></text:changed-region><text:changed-region xml:id="ct131668608" text:id="ct131668608"><text:insertion><office:change-info><dc:creator>&lt;анонимный&gt;</dc:creator><dc:date>2020-10-16T09:42:53</dc:date></office:change-info></text:insertion></text:changed-region><text:changed-region xml:id="ct131669408" text:id="ct131669408"><text:insertion><office:change-info><dc:creator>&lt;анонимный&gt;</dc:creator><dc:date>2020-10-16T09:42:53</dc:date></office:change-info></text:insertion></text:changed-region><text:changed-region xml:id="ct131670576" text:id="ct131670576"><text:insertion><office:change-info><dc:creator>&lt;анонимный&gt;</dc:creator><dc:date>2020-10-16T09:42:53</dc:date></office:change-info></text:insertion></text:changed-region><text:changed-region xml:id="ct131671632" text:id="ct131671632"><text:insertion><office:change-info><dc:creator>&lt;анонимный&gt;</dc:creator><dc:date>2020-10-16T09:42:58</dc:date></office:change-info></text:insertion></text:changed-region><text:changed-region xml:id="ct131671952" text:id="ct131671952"><text:insertion><office:change-info><dc:creator>&lt;анонимный&gt;</dc:creator><dc:date>2020-10-16T09:43:00</dc:date></office:change-info></text:insertion></text:changed-region><text:changed-region xml:id="ct131672704" text:id="ct131672704"><text:insertion><office:change-info><dc:creator>&lt;анонимный&gt;</dc:creator><dc:date>2020-10-16T09:43:07</dc:date></office:change-info></text:insertion></text:changed-region><text:changed-region xml:id="ct131673504" text:id="ct131673504"><text:insertion><office:change-info><dc:creator>&lt;анонимный&gt;</dc:creator><dc:date>2020-10-16T09:43:10</dc:date></office:change-info></text:insertion></text:changed-region><text:changed-region xml:id="ct131674512" text:id="ct131674512"><text:insertion><office:change-info><dc:creator>&lt;анонимный&gt;</dc:creator><dc:date>2020-10-16T09:43:22</dc:date></office:change-info></text:insertion></text:changed-region><text:changed-region xml:id="ct131675456" text:id="ct131675456"><text:insertion><office:change-info><dc:creator>&lt;анонимный&gt;</dc:creator><dc:date>2020-10-16T09:43:22</dc:date></office:change-info></text:insertion></text:changed-region><text:changed-region xml:id="ct131676256" text:id="ct131676256"><text:insertion><office:change-info><dc:creator>&lt;анонимный&gt;</dc:creator><dc:date>2020-10-16T09:43:22</dc:date></office:change-info></text:insertion></text:changed-region><text:changed-region xml:id="ct192400592" text:id="ct192400592"><text:insertion><office:change-info><dc:creator>&lt;анонимный&gt;</dc:creator><dc:date>2020-10-15T20:57:24</dc:date></office:change-info></text:insertion></text:changed-region><text:changed-region xml:id="ct131778000" text:id="ct131778000"><text:insertion><office:change-info><dc:creator>&lt;анонимный&gt;</dc:creator><dc:date>2020-10-16T13:07:47</dc:date></office:change-info></text:insertion></text:changed-region></text:tracked-changes><text:sequence-decls><text:sequence-decl text:display-outline-level="0" text:name="Illustration"/><text:sequence-decl text:display-outline-level="0" text:name="Table"/><text:sequence-decl text:display-outline-level="0" text:name="Text"/><text:sequence-decl text:display-outline-level="0" text:name="Drawing"/><text:sequence-decl text:display-outline-level="0" text:name="Figure"/></text:sequence-decls><text:h text:style-name="Heading_20_1" text:outline-level="1"><text:change text:change-id="ct191895184"/><text:change-start text:change-id="ct225094608"/><text:span text:style-name="T5">Л</text:span><text:change-end text:change-id="ct225094608"/><text:change-start text:change-id="ct191901808"/><text:span text:style-name="T5">абораторная работа №</text:span><text:change-end text:change-id="ct191901808"/><text:change-start text:change-id="ct191903456"/><text:span text:style-name="T5">5</text:span><text:change-end text:change-id="ct191903456"/></text:h><text:h text:style-name="P18" text:outline-level="3">Задание 1: <text:change-start text:change-id="ct191943776"/><text:span text:style-name="T4">Индивидуальное задание №</text:span><text:span text:style-name="T12">27</text:span></text:h><text:p text:style-name="P10"><draw:frame draw:style-name="fr4" draw:name="Изображение2" text:anchor-type="char" svg:width="15.007cm" svg:height="2.35cm" draw:z-index="3"><draw:image xlink:href="Pictures/10000000000002C50000006F9DF63551F8B7B4B2.png" xlink:type="simple" xlink:show="embed" xlink:actuate="onLoad" draw:mime-type="image/png"/></draw:frame></text:p><text:p text:style-name="P13">Блок-схема</text:p><text:p text:style-name="P13"><draw:frame draw:style-name="fr1" draw:name="Изображение9" text:anchor-type="char" svg:width="11.98cm" svg:height="5.842cm" draw:z-index="9"><draw:image xlink:href="Pictures/10000201000002360000011449FDCFB03058BB5F.png" xlink:type="simple" xlink:show="embed" xlink:actuate="onLoad" draw:mime-type="image/png"/></draw:frame></text:p><text:p text:style-name="P13">Описание переменных<text:change-end text:change-id="ct191943776"/></text:p><table:table table:name="Таблица1" table:style-name="Таблица1" table:template-name="Default Style"><table:table-column table:style-name="Таблица1.A" table:number-columns-repeated="3"/><table:table-row><table:table-cell table:style-name="Таблица1.A1" office:value-type="string"><text:p text:style-name="P29"><text:change-start text:change-id="ct191928528"/>Переменная<text:change-end text:change-id="ct191928528"/></text:p></table:table-cell><table:table-cell table:style-name="Таблица1.A1" office:value-type="string"><text:p text:style-name="P29"><text:change-start text:change-id="ct191851392"/>Тип<text:change-end text:change-id="ct191851392"/></text:p></table:table-cell><table:table-cell table:style-name="Таблица1.C1" office:value-type="string"><text:p text:style-name="P29"><text:change-start text:change-id="ct191930384"/>Суть<text:change-end text:change-id="ct191930384"/></text:p></table:table-cell></table:table-row><table:table-row table:style-name="Таблица1.2"><table:table-cell table:style-name="Таблица1.A2" office:value-type="string"><text:p text:style-name="P27"><text:change-start text:change-id="ct270793552"/>x<text:change-end text:change-id="ct270793552"/></text:p></table:table-cell><table:table-cell table:style-name="Таблица1.A2" office:value-type="string"><text:p text:style-name="P28"><text:change-start text:change-id="ct191971168"/>real<text:change-end text:change-id="ct191971168"/></text:p></table:table-cell><table:table-cell table:style-name="Таблица1.C2" office:value-type="string"><text:p text:style-name="P28"><text:change-start text:change-id="ct191972000"/>Искомое значение<text:change-end text:change-id="ct191972000"/></text:p></table:table-cell></table:table-row></table:table><text:p text:style-name="P13"><text:change-start text:change-id="ct191997344"/></text:p><text:p text:style-name="P13"/><text:p text:style-name="P13"/><text:p text:style-name="P13"/><text:p text:style-name="P13"/><text:p text:style-name="P13"/><text:p text:style-name="P13"/><text:p text:style-name="P13"/><text:p text:style-name="P13"><text:soft-page-break/>Код программы</text:p><text:p text:style-name="P11"><draw:frame draw:style-name="fr1" draw:name="Изображение3" text:anchor-type="char" svg:width="16.639cm" svg:height="8.763cm" draw:z-index="4"><draw:image xlink:href="Pictures/10000000000003120000019E84C1F7633543327D.png" xlink:type="simple" xlink:show="embed" xlink:actuate="onLoad" draw:mime-type="image/png"/></draw:frame></text:p><text:h text:style-name="P18" text:outline-level="3">Задание <text:span text:style-name="T4">2</text:span>: <text:span text:style-name="T6">Вычислить</text:span></text:h><text:h text:style-name="P19" text:outline-level="3"><draw:frame draw:style-name="fr1" draw:name="Изображение1" text:anchor-type="char" svg:width="8.678cm" svg:height="3.196cm" draw:z-index="0"><draw:image xlink:href="Pictures/100000000000019A0000009702B4125B9466A81B.png" xlink:type="simple" xlink:show="embed" xlink:actuate="onLoad" draw:mime-type="image/png"/></draw:frame>Решение на языке PascalABC</text:h><text:p text:style-name="P13"/><text:p text:style-name="P13"/><text:p text:style-name="P13"/><text:p text:style-name="P13"/><text:p text:style-name="P13"/><text:p text:style-name="P13"/><text:p text:style-name="P13"/><text:p text:style-name="P13"/><text:p text:style-name="P13"><text:soft-page-break/>Блок-схема</text:p><text:p text:style-name="P13"><draw:frame draw:style-name="fr2" draw:name="Изображение8" text:anchor-type="char" svg:width="10.49cm" svg:height="20.904cm" draw:z-index="8"><draw:image xlink:href="Pictures/10000000000004D7000009A53A32ED72F52571B0.png" xlink:type="simple" xlink:show="embed" xlink:actuate="onLoad" draw:mime-type="image/png"/></draw:frame></text:p><text:p text:style-name="P13"><text:soft-page-break/>Описание переменных<text:change-end text:change-id="ct191997344"/></text:p><table:table table:name="Таблица2" table:style-name="Таблица2" table:template-name="Default Style"><table:table-column table:style-name="Таблица2.A" table:number-columns-repeated="3"/><table:table-row><table:table-cell table:style-name="Таблица2.A1" office:value-type="string"><text:p text:style-name="P8"><text:change-start text:change-id="ct192002256"/>Переменная<text:change-end text:change-id="ct192002256"/></text:p></table:table-cell><table:table-cell table:style-name="Таблица2.A1" office:value-type="string"><text:p text:style-name="P8"><text:change-start text:change-id="ct191853568"/>Тип<text:change-end text:change-id="ct191853568"/></text:p></table:table-cell><table:table-cell table:style-name="Таблица2.C1" office:value-type="string"><text:p text:style-name="P8"><text:change-start text:change-id="ct192003920"/>Суть<text:change-end text:change-id="ct192003920"/></text:p></table:table-cell></table:table-row><table:table-row><table:table-cell table:style-name="Таблица2.A2" office:value-type="string"><text:p text:style-name="P5"><text:change-start text:change-id="ct192004608"/>x<text:change-end text:change-id="ct192004608"/></text:p></table:table-cell><table:table-cell table:style-name="Таблица2.A2" office:value-type="string"><text:p text:style-name="P5"><text:change-start text:change-id="ct192005296"/>integer<text:change-end text:change-id="ct192005296"/></text:p></table:table-cell><table:table-cell table:style-name="Таблица2.C2" office:value-type="string"><text:p text:style-name="P4"><text:change-start text:change-id="ct192006032"/><text:span text:style-name="T3">Аргумент</text:span><text:change-end text:change-id="ct192006032"/><text:change-start text:change-id="ct192006784"/><text:span text:style-name="T3"> X </text:span><text:change-end text:change-id="ct192006784"/><text:change-start text:change-id="ct192191888"/><text:span text:style-name="T3">фун</text:span><text:change-end text:change-id="ct192191888"/><text:change-start text:change-id="ct192193664"/><text:span text:style-name="T3">кции</text:span><text:change-end text:change-id="ct192193664"/></text:p></table:table-cell></table:table-row><table:table-row><table:table-cell table:style-name="Таблица2.A2" office:value-type="string"><text:p text:style-name="P5"><text:change-start text:change-id="ct191948176"/>i<text:change-end text:change-id="ct191948176"/></text:p></table:table-cell><table:table-cell table:style-name="Таблица2.A2" office:value-type="string"><text:p text:style-name="P5"><text:change-start text:change-id="ct192195136"/>integer<text:change-end text:change-id="ct192195136"/></text:p></table:table-cell><table:table-cell table:style-name="Таблица2.C2" office:value-type="string"><text:p text:style-name="P5"><text:change-start text:change-id="ct192195776"/>Счетчик цикла<text:change-end text:change-id="ct192195776"/></text:p></table:table-cell></table:table-row><table:table-row><table:table-cell table:style-name="Таблица2.A2" office:value-type="string"><text:p text:style-name="P5"><text:change-start text:change-id="ct192196464"/>n<text:change-end text:change-id="ct192196464"/></text:p></table:table-cell><table:table-cell table:style-name="Таблица2.A2" office:value-type="string"><text:p text:style-name="P5"><text:change-start text:change-id="ct192197152"/>integer<text:change-end text:change-id="ct192197152"/></text:p></table:table-cell><table:table-cell table:style-name="Таблица2.C2" office:value-type="string"><text:p text:style-name="P5"><text:change-start text:change-id="ct192197952"/>Переменная N из задачи<text:change-end text:change-id="ct192197952"/></text:p></table:table-cell></table:table-row><table:table-row><table:table-cell table:style-name="Таблица2.A2" office:value-type="string"><text:p text:style-name="P5"><text:change-start text:change-id="ct192199072"/>st<text:change-end text:change-id="ct192199072"/></text:p></table:table-cell><table:table-cell table:style-name="Таблица2.A2" office:value-type="string"><text:p text:style-name="P5"><text:change-start text:change-id="ct192199920"/>integer<text:change-end text:change-id="ct192199920"/></text:p></table:table-cell><table:table-cell table:style-name="Таблица2.C2" office:value-type="string"><text:p text:style-name="P5"><text:change-start text:change-id="ct192200720"/>Показатель степени<text:change-end text:change-id="ct192200720"/><text:change-start text:change-id="ct192201040"/> в числителе второго множителя суммы в числителе функции<text:change-end text:change-id="ct192201040"/></text:p></table:table-cell></table:table-row><table:table-row><table:table-cell table:style-name="Таблица2.A2" office:value-type="string"><text:p text:style-name="P5"><text:change-start text:change-id="ct192202080"/>x1<text:change-end text:change-id="ct192202080"/></text:p></table:table-cell><table:table-cell table:style-name="Таблица2.A2" office:value-type="string"><text:p text:style-name="P5"><text:change-start text:change-id="ct192202880"/>real<text:change-end text:change-id="ct192202880"/></text:p></table:table-cell><table:table-cell table:style-name="Таблица2.C2" office:value-type="string"><text:p text:style-name="P5"><text:change-start text:change-id="ct192203680"/>Числитель функции<text:change-end text:change-id="ct192203680"/></text:p></table:table-cell></table:table-row><table:table-row><table:table-cell table:style-name="Таблица2.A2" office:value-type="string"><text:p text:style-name="P5"><text:change-start text:change-id="ct192204768"/>x2<text:change-end text:change-id="ct192204768"/></text:p></table:table-cell><table:table-cell table:style-name="Таблица2.A2" office:value-type="string"><text:p text:style-name="P5"><text:change-start text:change-id="ct192205568"/>real<text:change-end text:change-id="ct192205568"/></text:p></table:table-cell><table:table-cell table:style-name="Таблица2.C2" office:value-type="string"><text:p text:style-name="P5"><text:change-start text:change-id="ct192206368"/>Знаменатель функции<text:change-end text:change-id="ct192206368"/></text:p></table:table-cell></table:table-row><table:table-row><table:table-cell table:style-name="Таблица2.A2" office:value-type="string"><text:p text:style-name="P5"><text:change-start text:change-id="ct192616224"/>y<text:change-end text:change-id="ct192616224"/></text:p></table:table-cell><table:table-cell table:style-name="Таблица2.A2" office:value-type="string"><text:p text:style-name="P5"><text:change-start text:change-id="ct225335280"/>real<text:change-end text:change-id="ct225335280"/></text:p></table:table-cell><table:table-cell table:style-name="Таблица2.C2" office:value-type="string"><text:p text:style-name="P5"><text:change-start text:change-id="ct192617056"/>Значение функции<text:change-end text:change-id="ct192617056"/></text:p></table:table-cell></table:table-row><table:table-row><table:table-cell table:style-name="Таблица2.A2" office:value-type="string"><text:p text:style-name="P5"><text:change-start text:change-id="ct192618064"/>m<text:change-end text:change-id="ct192618064"/></text:p></table:table-cell><table:table-cell table:style-name="Таблица2.A2" office:value-type="string"><text:p text:style-name="P5"><text:change-start text:change-id="ct192618864"/>real<text:change-end text:change-id="ct192618864"/></text:p></table:table-cell><table:table-cell table:style-name="Таблица2.C2" office:value-type="string"><text:p text:style-name="P5"><text:change-start text:change-id="ct192619744"/>Слагаемое суммы в числителе<text:change-end text:change-id="ct192619744"/></text:p></table:table-cell></table:table-row></table:table><text:p text:style-name="P11"><text:change-start text:change-id="ct247790992"/><text:span text:style-name="T6"/></text:p><text:p text:style-name="P11"><text:change-end text:change-id="ct247790992"/><text:change-start text:change-id="ct192633872"/><text:span text:style-name="T6"/></text:p><text:p text:style-name="P11"><text:span text:style-name="T6"/></text:p><text:p text:style-name="P11"><text:span text:style-name="T6"/></text:p><text:p text:style-name="P11"><text:span text:style-name="T6"/></text:p><text:p text:style-name="P11"><text:span text:style-name="T6"/></text:p><text:p text:style-name="P11"><text:span text:style-name="T6"/></text:p><text:p text:style-name="P11"><text:span text:style-name="T6"/></text:p><text:p text:style-name="P11"><text:span text:style-name="T6"/></text:p><text:p text:style-name="P11"><text:span text:style-name="T6"/></text:p><text:p text:style-name="P11"><text:span text:style-name="T6"/></text:p><text:p text:style-name="P11"><text:span text:style-name="T6"/></text:p><text:p text:style-name="P11"><text:span text:style-name="T6"/></text:p><text:p text:style-name="P11"><text:span text:style-name="T6"/></text:p><text:p text:style-name="P11"><text:span text:style-name="T6"/></text:p><text:p text:style-name="P11"><text:span text:style-name="T6"/></text:p><text:p text:style-name="P11"><text:change-end text:change-id="ct192633872"/><text:change-start text:change-id="ct192634256"/><text:soft-page-break/><text:span text:style-name="T6">Код программы</text:span></text:p><text:p text:style-name="P11"><draw:frame draw:style-name="fr2" draw:name="Изображение4" text:anchor-type="char" svg:width="15.877cm" svg:height="19.579cm" draw:z-index="5"><draw:image xlink:href="Pictures/10000000000002EE0000039D88AE60DA594F4426.png" xlink:type="simple" xlink:show="embed" xlink:actuate="onLoad" draw:mime-type="image/png"/></draw:frame><text:span text:style-name="T6"/></text:p><text:h text:style-name="P18" text:outline-level="3"><text:soft-page-break/>Задание <text:span text:style-name="T4">3</text:span><text:change-end text:change-id="ct192634256"/></text:h><text:p text:style-name="P15"><text:change text:change-id="ct192640512"/><text:change text:change-id="ct192640272"/><text:change text:change-id="ct192635280"/><text:change text:change-id="ct192634928"/><text:change-start text:change-id="ct192390640"/><text:span text:style-name="T7">Задача: </text:span><text:span text:style-name="T9">Реализовать вычисление определенного интеграла (взять интеграл из предыдущей лабораторной) методом парабол с использованием пользовательской функции.</text:span></text:p><text:h text:style-name="P20" text:outline-level="3">Искомый интеграл</text:h><text:p text:style-name="P16"><draw:frame draw:style-name="fr5" draw:name="Объект1" text:anchor-type="as-char" svg:y="-0.743cm" svg:width="3.244cm" svg:height="1.222cm" draw:z-index="2"><draw:object xlink:href="./Object 1" xlink:type="simple" xlink:show="embed" xlink:actuate="onLoad"/><draw:image xlink:href="./ObjectReplacements/Object 1" xlink:type="simple" xlink:show="embed" xlink:actuate="onLoad"/></draw:frame></text:p><text:h text:style-name="P21" text:outline-level="3"><text:change-end text:change-id="ct192390640"/><text:change-start text:change-id="ct192371040"/>Решение на языке PascalABC<text:change-end text:change-id="ct192371040"/><text:change-start text:change-id="ct192391872"/></text:h><text:h text:style-name="P22" text:outline-level="3">Математическая модель задачи</text:h><text:p text:style-name="P12"><draw:frame draw:style-name="fr1" draw:name="Изображение7" text:anchor-type="char" svg:width="16.574cm" svg:height="2.201cm" draw:z-index="1"><draw:image xlink:href="Pictures/100000000000030F000000681424B9687CF61672.png" xlink:type="simple" xlink:show="embed" xlink:actuate="onLoad" draw:mime-type="image/png"/></draw:frame><text:change-end text:change-id="ct192391872"/><text:change-start text:change-id="ct192405696"/></text:p><text:p text:style-name="P13"/><text:p text:style-name="P13"/><text:p text:style-name="P13"/><text:p text:style-name="P13"/><text:p text:style-name="P13"/><text:p text:style-name="P13"/><text:p text:style-name="P13"/><text:p text:style-name="P13"/><text:p text:style-name="P13"/><text:p text:style-name="P13"/><text:p text:style-name="P13"/><text:p text:style-name="P13"/><text:p text:style-name="P13"/><text:p text:style-name="P13"/><text:p text:style-name="P13"><text:soft-page-break/>Блок-схема</text:p><text:p text:style-name="P13"><draw:frame draw:style-name="fr3" draw:name="Изображение6" text:anchor-type="char" svg:width="17cm" svg:height="19.828cm" draw:z-index="7"><draw:image xlink:href="Pictures/1000020100000BBE00000DB2C0ABC9D6A20DF9AD.png" xlink:type="simple" xlink:show="embed" xlink:actuate="onLoad" draw:mime-type="image/png"/></draw:frame></text:p><text:p text:style-name="P13"/><text:p text:style-name="P13"><text:soft-page-break/>Описание переменных<text:change-end text:change-id="ct192405696"/></text:p><table:table table:name="Таблица3" table:style-name="Таблица3"><table:table-column table:style-name="Таблица3.A" table:number-columns-repeated="3"/><table:table-row><table:table-cell table:style-name="Таблица3.A1" office:value-type="string"><text:p text:style-name="P9"><text:change-start text:change-id="ct192403168"/>Переменная<text:change-end text:change-id="ct192403168"/></text:p></table:table-cell><table:table-cell table:style-name="Таблица3.A1" office:value-type="string"><text:p text:style-name="P9"><text:change-start text:change-id="ct185424288"/>Тип<text:change-end text:change-id="ct185424288"/></text:p></table:table-cell><table:table-cell table:style-name="Таблица3.C1" office:value-type="string"><text:p text:style-name="P9"><text:change-start text:change-id="ct192415312"/>Суть<text:change-end text:change-id="ct192415312"/></text:p></table:table-cell></table:table-row><table:table-row><table:table-cell table:style-name="Таблица3.A2" office:value-type="string"><text:p text:style-name="P7"><text:change-start text:change-id="ct192415936"/>a<text:change-end text:change-id="ct192415936"/></text:p></table:table-cell><table:table-cell table:style-name="Таблица3.A2" office:value-type="string"><text:p text:style-name="P6"><text:change-start text:change-id="ct192416656"/>real<text:change-end text:change-id="ct192416656"/><text:change text:change-id="ct192416928"/></text:p></table:table-cell><table:table-cell table:style-name="Таблица3.C2" office:value-type="string"><text:p text:style-name="P7"><text:change-start text:change-id="ct192417952"/>Нижняя граница интеграла<text:change-end text:change-id="ct192417952"/></text:p></table:table-cell></table:table-row><table:table-row><table:table-cell table:style-name="Таблица3.A2" office:value-type="string"><text:p text:style-name="P7"><text:change-start text:change-id="ct191929408"/>b<text:change-end text:change-id="ct191929408"/></text:p></table:table-cell><table:table-cell table:style-name="Таблица3.A2" office:value-type="string"><text:p text:style-name="P7"><text:change-start text:change-id="ct192419056"/>real<text:change-end text:change-id="ct192419056"/></text:p></table:table-cell><table:table-cell table:style-name="Таблица3.C2" office:value-type="string"><text:p text:style-name="P7"><text:change-start text:change-id="ct192421680"/><text:span text:style-name="T10">В</text:span>ерхняя граница интеграла<text:change-end text:change-id="ct192421680"/></text:p></table:table-cell></table:table-row><table:table-row><table:table-cell table:style-name="Таблица3.A2" office:value-type="string"><text:p text:style-name="P6"><text:change-start text:change-id="ct131660064"/>n<text:change-end text:change-id="ct131660064"/></text:p></table:table-cell><table:table-cell table:style-name="Таблица3.A2" office:value-type="string"><text:p text:style-name="P6"><text:change-start text:change-id="ct131660912"/>integer<text:change-end text:change-id="ct131660912"/></text:p></table:table-cell><table:table-cell table:style-name="Таблица3.C2" office:value-type="string"><text:p text:style-name="P7"><text:change-start text:change-id="ct131661712"/>Количество разбиений<text:change-end text:change-id="ct131661712"/></text:p></table:table-cell></table:table-row><table:table-row><table:table-cell table:style-name="Таблица3.A2" office:value-type="string"><text:p text:style-name="P7"><text:change-start text:change-id="ct131662832"/>h<text:change-end text:change-id="ct131662832"/></text:p></table:table-cell><table:table-cell table:style-name="Таблица3.A2" office:value-type="string"><text:p text:style-name="P6"><text:change-start text:change-id="ct131664000"/>real<text:change-end text:change-id="ct131664000"/><text:change text:change-id="ct131664320"/></text:p></table:table-cell><table:table-cell table:style-name="Таблица3.C2" office:value-type="string"><text:p text:style-name="P7"><text:change-start text:change-id="ct131664944"/>Шаг итерации<text:change-end text:change-id="ct131664944"/></text:p></table:table-cell></table:table-row><table:table-row><table:table-cell table:style-name="Таблица3.A2" office:value-type="string"><text:p text:style-name="P7"><text:change-start text:change-id="ct131665872"/>i<text:change-end text:change-id="ct131665872"/></text:p></table:table-cell><table:table-cell table:style-name="Таблица3.A2" office:value-type="string"><text:p text:style-name="P7"><text:change-start text:change-id="ct131666672"/>real<text:change-end text:change-id="ct131666672"/></text:p></table:table-cell><table:table-cell table:style-name="Таблица3.C2" office:value-type="string"><text:p text:style-name="P6"><text:change-start text:change-id="ct131667520"/>Счетчик цикла<text:change-end text:change-id="ct131667520"/></text:p></table:table-cell></table:table-row><table:table-row><table:table-cell table:style-name="Таблица3.A2" office:value-type="string"><text:p text:style-name="P7"><text:change-start text:change-id="ct131668608"/>answer<text:change-end text:change-id="ct131668608"/></text:p></table:table-cell><table:table-cell table:style-name="Таблица3.A2" office:value-type="string"><text:p text:style-name="P6"><text:change-start text:change-id="ct131669408"/>real<text:change-end text:change-id="ct131669408"/></text:p></table:table-cell><table:table-cell table:style-name="Таблица3.C2" office:value-type="string"><text:p text:style-name="P6"><text:change-start text:change-id="ct131670576"/>Значение <text:span text:style-name="T11">интеграла</text:span><text:change-end text:change-id="ct131670576"/></text:p></table:table-cell></table:table-row><table:table-row><table:table-cell table:style-name="Таблица3.A2" office:value-type="string"><text:p text:style-name="P7"><text:change-start text:change-id="ct131671632"/>sla<text:change-end text:change-id="ct131671632"/><text:change-start text:change-id="ct131671952"/>g_1<text:change-end text:change-id="ct131671952"/></text:p></table:table-cell><table:table-cell table:style-name="Таблица3.A2" office:value-type="string"><text:p text:style-name="P7"><text:change-start text:change-id="ct131672704"/>real<text:change-end text:change-id="ct131672704"/></text:p></table:table-cell><table:table-cell table:style-name="Таблица3.C2" office:value-type="string"><text:p text:style-name="P7"><text:change-start text:change-id="ct131673504"/>Слагаемое 1 в скобках<text:change-end text:change-id="ct131673504"/></text:p></table:table-cell></table:table-row><table:table-row><table:table-cell table:style-name="Таблица3.A2" office:value-type="string"><text:p text:style-name="P7"><text:change-start text:change-id="ct131674512"/>slag_2<text:change-end text:change-id="ct131674512"/></text:p></table:table-cell><table:table-cell table:style-name="Таблица3.A2" office:value-type="string"><text:p text:style-name="P7"><text:change-start text:change-id="ct131675456"/>real<text:change-end text:change-id="ct131675456"/></text:p></table:table-cell><table:table-cell table:style-name="Таблица3.C2" office:value-type="string"><text:p text:style-name="P7"><text:change-start text:change-id="ct131676256"/>Слагаемое 2 в скобках<text:change-end text:change-id="ct131676256"/></text:p></table:table-cell></table:table-row></table:table><text:p text:style-name="P14"><text:change-start text:change-id="ct192400592"/></text:p><text:p text:style-name="P14"/><text:p text:style-name="P14"/><text:p text:style-name="P14"/><text:p text:style-name="P14"/><text:p text:style-name="P14"/><text:p text:style-name="P14"/><text:p text:style-name="P14"/><text:p text:style-name="P14"/><text:p text:style-name="P14"/><text:p text:style-name="P14"/><text:p text:style-name="P14"/><text:p text:style-name="P14"/><text:p text:style-name="P14"/><text:p text:style-name="P14"/><text:p text:style-name="P14"/><text:p text:style-name="P14"/><text:p text:style-name="P14"><text:soft-page-break/>Код программы<text:change-end text:change-id="ct192400592"/><text:change-start text:change-id="ct131778000"/></text:p><text:p text:style-name="P14"><draw:frame draw:style-name="fr3" draw:name="Изображение5" text:anchor-type="char" svg:width="17cm" svg:height="20.491cm" draw:z-index="6"><draw:image xlink:href="Pictures/100000000000035900000409732791402E0D96C2.png" xlink:type="simple" xlink:show="embed" xlink:actuate="onLoad" draw:mime-type="image/png"/></draw:frame><text:change-end text:change-id="ct131778000"/></text:p></office:text></office:body></office:document-content>