<?xml version="1.0" encoding="UTF-8"?>
<office:document-content xmlns:officeooo="http://openoffice.org/2009/office" xmlns:css3t="http://www.w3.org/TR/css3-text/" xmlns:grddl="http://www.w3.org/2003/g/data-view#" xmlns:xhtml="http://www.w3.org/1999/xhtml" xmlns:formx="urn:openoffice:names:experimental:ooxml-odf-interop:xmlns:form:1.0" xmlns:xsi="http://www.w3.org/2001/XMLSchema-instance" xmlns:rpt="http://openoffice.org/2005/report" xmlns:dc="http://purl.org/dc/elements/1.1/" xmlns:chart="urn:oasis:names:tc:opendocument:xmlns:chart:1.0" xmlns:svg="urn:oasis:names:tc:opendocument:xmlns:svg-compatible:1.0" xmlns:draw="urn:oasis:names:tc:opendocument:xmlns:drawing:1.0" xmlns:text="urn:oasis:names:tc:opendocument:xmlns:text:1.0" xmlns:oooc="http://openoffice.org/2004/calc" xmlns:style="urn:oasis:names:tc:opendocument:xmlns:style:1.0" xmlns:ooow="http://openoffice.org/2004/writer" xmlns:meta="urn:oasis:names:tc:opendocument:xmlns:meta:1.0" xmlns:xlink="http://www.w3.org/1999/xlink" xmlns:fo="urn:oasis:names:tc:opendocument:xmlns:xsl-fo-compatible:1.0" xmlns:ooo="http://openoffice.org/2004/office" xmlns:office="urn:oasis:names:tc:opendocument:xmlns:office:1.0" xmlns:dr3d="urn:oasis:names:tc:opendocument:xmlns:dr3d:1.0" xmlns:table="urn:oasis:names:tc:opendocument:xmlns:table:1.0" xmlns:number="urn:oasis:names:tc:opendocument:xmlns:datastyle:1.0" xmlns:of="urn:oasis:names:tc:opendocument:xmlns:of:1.2" xmlns:calcext="urn:org:documentfoundation:names:experimental:calc:xmlns:calcext:1.0" xmlns:tableooo="http://openoffice.org/2009/table" xmlns:drawooo="http://openoffice.org/2010/draw" xmlns:loext="urn:org:documentfoundation:names:experimental:office:xmlns:loext:1.0" xmlns:dom="http://www.w3.org/2001/xml-events" xmlns:field="urn:openoffice:names:experimental:ooo-ms-interop:xmlns:field:1.0" xmlns:xsd="http://www.w3.org/2001/XMLSchema" xmlns:math="http://www.w3.org/1998/Math/MathML" xmlns:form="urn:oasis:names:tc:opendocument:xmlns:form:1.0" xmlns:script="urn:oasis:names:tc:opendocument:xmlns:script:1.0" xmlns:xforms="http://www.w3.org/2002/xforms" office:version="1.3"><office:scripts/><office:font-face-decls><style:font-face style:name="OpenSymbol" svg:font-family="OpenSymbol" style:font-charset="x-symbol"/><style:font-face style:name="Liberation Sans" svg:font-family="&apos;Liberation Sans&apos;" style:font-family-generic="swiss"/><style:font-face style:name="Noto Sans Devanagari1" svg:font-family="&apos;Noto Sans Devanagari&apos;" style:font-family-generic="swiss"/><style:font-face style:name="Liberation Serif" svg:font-family="&apos;Liberation Serif&apos;" style:font-family-generic="roman" style:font-pitch="variable"/><style:font-face style:name="Liberation Sans1" svg:font-family="&apos;Liberation Sans&apos;" style:font-family-generic="swiss" style:font-pitch="variable"/><style:font-face style:name="Noto Sans CJK SC" svg:font-family="&apos;Noto Sans CJK SC&apos;" style:font-family-generic="system" style:font-pitch="variable"/><style:font-face style:name="Noto Sans Devanagari" svg:font-family="&apos;Noto Sans Devanagari&apos;" style:font-family-generic="system" style:font-pitch="variable"/><style:font-face style:name="Noto Serif CJK SC" svg:font-family="&apos;Noto Serif CJK SC&apos;" style:font-family-generic="system" style:font-pitch="variable"/></office:font-face-decls><office:automatic-styles><style:style style:name="Таблица1" style:family="table"><style:table-properties style:width="17cm" table:align="margins" style:may-break-between-rows="true" table:border-model="collapsing"/></style:style><style:style style:name="Таблица1.A" style:family="table-column"><style:table-column-properties style:column-width="5.667cm" style:rel-column-width="21845*"/></style:style><style:style style:name="Таблица1.A1" style:family="table-cell"><style:table-cell-properties fo:background-color="transparent" fo:padding="0.097cm" fo:border-left="0.5pt solid #000000" fo:border-right="none" fo:border-top="0.5pt solid #000000" fo:border-bottom="0.5pt solid #000000" style:writing-mode="page"><style:background-image/></style:table-cell-properties></style:style><style:style style:name="Таблица1.C1" style:family="table-cell"><style:table-cell-properties fo:background-color="transparent" fo:padding="0.097cm" fo:border="0.5pt solid #000000" style:writing-mode="page"><style:background-image/></style:table-cell-properties></style:style><style:style style:name="Таблица1.2" style:family="table-row"><style:table-row-properties fo:keep-together="auto"/></style:style><style:style style:name="Таблица1.A2" style:family="table-cell"><style:table-cell-properties fo:background-color="transparent" fo:padding="0.097cm" fo:border-left="0.5pt solid #000000" fo:border-right="none" fo:border-top="none" fo:border-bottom="0.5pt solid #000000" style:writing-mode="page"><style:background-image/></style:table-cell-properties></style:style><style:style style:name="Таблица1.C2" style:family="table-cell"><style:table-cell-properties fo:background-color="transparent" fo:padding="0.097cm" fo:border-left="0.5pt solid #000000" fo:border-right="0.5pt solid #000000" fo:border-top="none" fo:border-bottom="0.5pt solid #000000" style:writing-mode="page"><style:background-image/></style:table-cell-properties></style:style><style:style style:name="Таблица2" style:family="table"><style:table-properties style:width="17cm" table:align="margins" style:may-break-between-rows="true" table:border-model="collapsing"/></style:style><style:style style:name="Таблица2.A" style:family="table-column"><style:table-column-properties style:column-width="5.667cm" style:rel-column-width="21845*"/></style:style><style:style style:name="Таблица2.A1" style:family="table-cell"><style:table-cell-properties style:vertical-align="middle" fo:background-color="transparent" fo:padding="0.097cm" fo:border-left="0.5pt solid #000000" fo:border-right="none" fo:border-top="0.5pt solid #000000" fo:border-bottom="0.5pt solid #000000" style:writing-mode="page"><style:background-image/></style:table-cell-properties></style:style><style:style style:name="Таблица2.C1" style:family="table-cell"><style:table-cell-properties style:vertical-align="middle" fo:background-color="transparent" fo:padding="0.097cm" fo:border="0.5pt solid #000000" style:writing-mode="page"><style:background-image/></style:table-cell-properties></style:style><style:style style:name="Таблица2.A2" style:family="table-cell"><style:table-cell-properties style:vertical-align="middle" fo:background-color="transparent" fo:padding="0.097cm" fo:border-left="0.5pt solid #000000" fo:border-right="none" fo:border-top="none" fo:border-bottom="0.5pt solid #000000" style:writing-mode="page"><style:background-image/></style:table-cell-properties></style:style><style:style style:name="Таблица2.C2" style:family="table-cell"><style:table-cell-properties style:vertical-align="middle" fo:background-color="transparent" fo:padding="0.097cm" fo:border-left="0.5pt solid #000000" fo:border-right="0.5pt solid #000000" fo:border-top="none" fo:border-bottom="0.5pt solid #000000" style:writing-mode="page"><style:background-image/></style:table-cell-properties></style:style><style:style style:name="Таблица2.6" style:family="table-row"><style:table-row-properties fo:keep-together="auto"/></style:style><style:style style:name="P1" style:family="paragraph" style:parent-style-name="Header"><style:paragraph-properties fo:text-align="end" style:justify-single-word="false"/><style:text-properties officeooo:rsid="000a002d" officeooo:paragraph-rsid="000a002d"/></style:style><style:style style:name="P2" style:family="paragraph" style:parent-style-name="Header"><style:paragraph-properties fo:text-align="end" style:justify-single-word="false"/><style:text-properties officeooo:paragraph-rsid="000a002d"/></style:style><style:style style:name="P3" style:family="paragraph" style:parent-style-name="Footer"><style:paragraph-properties fo:text-align="center" style:justify-single-word="false"/></style:style><style:style style:name="P4" style:family="paragraph" style:parent-style-name="Table_20_Contents"><style:paragraph-properties fo:text-align="center" style:justify-single-word="false"/><style:text-properties fo:color="#000000" loext:opacity="100%" style:text-outline="false" style:text-line-through-style="none" style:text-line-through-type="none" style:font-name="Liberation Serif" fo:font-size="12pt" fo:font-style="normal" fo:text-shadow="none" style:text-underline-style="none" fo:font-weight="normal" officeooo:rsid="003011ea" officeooo:paragraph-rsid="003011ea" style:font-size-asian="12pt" style:font-style-asian="normal" style:font-weight-asian="normal" style:font-size-complex="12pt" style:font-style-complex="normal" style:font-weight-complex="normal" style:text-overline-style="none" style:text-overline-color="font-color"/></style:style><style:style style:name="P5" style:family="paragraph" style:parent-style-name="Table_20_Contents"><style:paragraph-properties fo:text-align="center" style:justify-single-word="false"/><style:text-properties fo:color="#000000" loext:opacity="100%" style:text-outline="false" style:text-line-through-style="none" style:text-line-through-type="none" style:font-name="Liberation Serif" fo:font-size="12pt" fo:font-style="normal" fo:text-shadow="none" style:text-underline-style="none" fo:font-weight="normal" officeooo:rsid="004d7f64" officeooo:paragraph-rsid="004d7f64" style:font-size-asian="12pt" style:font-style-asian="normal" style:font-weight-asian="normal" style:font-size-complex="12pt" style:font-style-complex="normal" style:font-weight-complex="normal" style:text-overline-style="none" style:text-overline-color="font-color"/></style:style><style:style style:name="P6" style:family="paragraph" style:parent-style-name="Table_20_Contents"><style:paragraph-properties fo:text-align="center" style:justify-single-word="false"/><style:text-properties fo:color="#000000" loext:opacity="100%" style:text-outline="false" style:text-line-through-style="none" style:text-line-through-type="none" style:font-name="Liberation Serif" fo:font-size="12pt" fo:font-style="normal" fo:text-shadow="none" style:text-underline-style="none" fo:font-weight="normal" officeooo:rsid="0060c047" officeooo:paragraph-rsid="0060c047" style:font-size-asian="12pt" style:font-style-asian="normal" style:font-weight-asian="normal" style:font-size-complex="12pt" style:font-style-complex="normal" style:font-weight-complex="normal" style:text-overline-style="none" style:text-overline-color="font-color"/></style:style><style:style style:name="P7" style:family="paragraph" style:parent-style-name="Table_20_Contents"><style:paragraph-properties fo:text-align="center" style:justify-single-word="false"/><style:text-properties fo:color="#000000" loext:opacity="100%" style:text-outline="false" style:text-line-through-style="none" style:text-line-through-type="none" style:font-name="Liberation Serif" fo:font-size="12pt" fo:font-style="normal" fo:text-shadow="none" style:text-underline-style="none" fo:font-weight="normal" officeooo:rsid="0060c047" officeooo:paragraph-rsid="006551ee" style:font-size-asian="12pt" style:font-style-asian="normal" style:font-weight-asian="normal" style:font-size-complex="12pt" style:font-style-complex="normal" style:font-weight-complex="normal" style:text-overline-style="none" style:text-overline-color="font-color"/></style:style><style:style style:name="P8" style:family="paragraph" style:parent-style-name="Table_20_Contents"><style:paragraph-properties fo:text-align="center" style:justify-single-word="false"/><style:text-properties fo:color="#000000" loext:opacity="100%" style:text-outline="false" style:text-line-through-style="none" style:text-line-through-type="none" style:font-name="Liberation Serif" fo:font-size="12pt" fo:font-style="normal" fo:text-shadow="none" style:text-underline-style="none" fo:font-weight="normal" officeooo:rsid="006551ee" officeooo:paragraph-rsid="006551ee" style:font-size-asian="12pt" style:font-style-asian="normal" style:font-weight-asian="normal" style:font-size-complex="12pt" style:font-style-complex="normal" style:font-weight-complex="normal" style:text-overline-style="none" style:text-overline-color="font-color"/></style:style><style:style style:name="P9" style:family="paragraph" style:parent-style-name="Table_20_Contents"><style:paragraph-properties fo:text-align="center" style:justify-single-word="false"/><style:text-properties fo:color="#000000" loext:opacity="100%" style:text-outline="false" style:text-line-through-style="none" style:text-line-through-type="none" style:font-name="Liberation Serif" fo:font-size="12pt" fo:font-style="normal" fo:text-shadow="none" style:text-underline-style="none" fo:font-weight="bold" officeooo:rsid="002b4068" officeooo:paragraph-rsid="002b4068" style:font-size-asian="12pt" style:font-style-asian="normal" style:font-weight-asian="bold" style:font-size-complex="12pt" style:font-style-complex="normal" style:font-weight-complex="bold" style:text-overline-style="none" style:text-overline-color="font-color"/></style:style><style:style style:name="P10" style:family="paragraph" style:parent-style-name="Table_20_Contents"><style:paragraph-properties fo:text-align="center" style:justify-single-word="false"/><style:text-properties fo:color="#000000" loext:opacity="100%" style:text-outline="false" style:text-line-through-style="none" style:text-line-through-type="none" style:font-name="Liberation Serif" fo:font-size="12pt" fo:font-style="normal" fo:text-shadow="none" style:text-underline-style="none" fo:font-weight="bold" officeooo:rsid="003011ea" officeooo:paragraph-rsid="003011ea" style:font-size-asian="12pt" style:font-style-asian="normal" style:font-weight-asian="bold" style:font-size-complex="12pt" style:font-style-complex="normal" style:font-weight-complex="bold" style:text-overline-style="none" style:text-overline-color="font-color"/></style:style><style:style style:name="P11" style:family="paragraph" style:parent-style-name="Table_20_Contents"><style:paragraph-properties fo:text-align="center" style:justify-single-word="false"/><style:text-properties officeooo:paragraph-rsid="004d7f64"/></style:style><style:style style:name="P12" style:family="paragraph" style:parent-style-name="Table_20_Contents"><style:paragraph-properties fo:text-align="center" style:justify-single-word="false"/><style:text-properties officeooo:paragraph-rsid="006551ee"/></style:style><style:style style:name="P13" style:family="paragraph" style:parent-style-name="Text_20_body"><style:text-properties officeooo:paragraph-rsid="0027054a"/></style:style><style:style style:name="P14" style:family="paragraph" style:parent-style-name="Text_20_body"><style:paragraph-properties fo:text-align="center" style:justify-single-word="false"/><style:text-properties style:font-name="Liberation Sans1" fo:font-size="14.1000003814697pt" fo:font-weight="bold" officeooo:rsid="0027054a" officeooo:paragraph-rsid="0027054a" style:font-name-asian="Noto Sans CJK SC" style:font-size-asian="14.1000003814697pt" style:font-weight-asian="bold" style:font-name-complex="Noto Sans Devanagari" style:font-size-complex="14.1000003814697pt" style:font-weight-complex="bold"/></style:style><style:style style:name="P15" style:family="paragraph" style:parent-style-name="Text_20_body"><style:paragraph-properties fo:text-align="center" style:justify-single-word="false"/><style:text-properties officeooo:paragraph-rsid="0027054a"/></style:style><style:style style:name="P16" style:family="paragraph" style:parent-style-name="Text_20_body"><style:text-properties officeooo:paragraph-rsid="004d7f64"/></style:style><style:style style:name="P17" style:family="paragraph" style:parent-style-name="Text_20_body"><style:paragraph-properties fo:text-align="center" style:justify-single-word="false"/><style:text-properties officeooo:rsid="00633e4f" officeooo:paragraph-rsid="00633e4f"/></style:style><style:style style:name="P18" style:family="paragraph" style:parent-style-name="Text_20_body"><style:text-properties fo:font-weight="bold" officeooo:rsid="000c41be" officeooo:paragraph-rsid="0033c0a1" style:font-weight-asian="bold" style:font-weight-complex="bold"/></style:style><style:style style:name="P19" style:family="paragraph" style:parent-style-name="Header"><style:paragraph-properties fo:text-align="end" style:justify-single-word="false"/><style:text-properties officeooo:paragraph-rsid="000a002d"/></style:style><style:style style:name="P20" style:family="paragraph" style:parent-style-name="Heading_20_3"><style:text-properties officeooo:paragraph-rsid="004f6df0"/></style:style><style:style style:name="P21" style:family="paragraph" style:parent-style-name="Heading_20_3"><style:text-properties officeooo:paragraph-rsid="004bb215"/></style:style><style:style style:name="P22" style:family="paragraph" style:parent-style-name="Heading_20_3"><style:text-properties style:font-name="Liberation Sans1" fo:font-size="14.1000003814697pt" fo:font-weight="bold" officeooo:rsid="0027054a" officeooo:paragraph-rsid="0027054a" style:font-name-asian="Noto Sans CJK SC" style:font-size-asian="14.1000003814697pt" style:font-weight-asian="bold" style:font-name-complex="Noto Sans Devanagari" style:font-size-complex="14.1000003814697pt" style:font-weight-complex="bold"/></style:style><style:style style:name="P23" style:family="paragraph" style:parent-style-name="Heading_20_3"><style:paragraph-properties fo:text-align="center" style:justify-single-word="false"/><style:text-properties officeooo:rsid="00545d3e" officeooo:paragraph-rsid="00545d3e"/></style:style><style:style style:name="P24" style:family="paragraph" style:parent-style-name="Text_20_body"><style:paragraph-properties fo:text-align="center" style:justify-single-word="false"/><style:text-properties style:font-name="Liberation Sans1" fo:font-size="14.1000003814697pt" fo:font-weight="bold" officeooo:rsid="0027054a" officeooo:paragraph-rsid="0033c0a1" style:font-name-asian="Noto Sans CJK SC" style:font-size-asian="14.1000003814697pt" style:font-weight-asian="bold" style:font-name-complex="Noto Sans Devanagari" style:font-size-complex="14.1000003814697pt" style:font-weight-complex="bold"/></style:style><style:style style:name="P25" style:family="paragraph" style:parent-style-name="Text_20_body"><style:paragraph-properties fo:text-align="center" style:justify-single-word="false"/><style:text-properties style:font-name="Liberation Sans1" fo:font-size="14.1000003814697pt" fo:font-weight="bold" officeooo:rsid="0027054a" officeooo:paragraph-rsid="0027054a" style:font-name-asian="Noto Sans CJK SC" style:font-size-asian="14.1000003814697pt" style:font-weight-asian="bold" style:font-name-complex="Noto Sans Devanagari" style:font-size-complex="14.1000003814697pt" style:font-weight-complex="bold"/></style:style><style:style style:name="P26" style:family="paragraph" style:parent-style-name="Text_20_body"><style:text-properties officeooo:paragraph-rsid="004bb215"/></style:style><style:style style:name="P27" style:family="paragraph" style:parent-style-name="Text_20_body"><style:paragraph-properties fo:text-align="center" style:justify-single-word="false"/><style:text-properties officeooo:rsid="00633e4f" officeooo:paragraph-rsid="00633e4f"/></style:style><style:style style:name="P28" style:family="paragraph" style:parent-style-name="Text_20_body"><style:text-properties fo:font-weight="normal" officeooo:rsid="004d7f64" officeooo:paragraph-rsid="004d7f64" style:font-weight-asian="normal" style:font-weight-complex="normal"/></style:style><style:style style:name="P29" style:family="paragraph" style:parent-style-name="Text_20_body"><style:text-properties style:text-position="0% 100%" fo:font-weight="normal" officeooo:rsid="005cb8af" officeooo:paragraph-rsid="004d7f64" style:font-weight-asian="normal" style:font-weight-complex="normal"/></style:style><style:style style:name="T1" style:family="text"><style:text-properties officeooo:rsid="000a002d"/></style:style><style:style style:name="T2" style:family="text"><style:text-properties officeooo:rsid="00287895"/></style:style><style:style style:name="T3" style:family="text"><style:text-properties fo:color="#000000" loext:opacity="100%" style:text-outline="false" style:text-line-through-style="none" style:text-line-through-type="none" style:font-name="Liberation Serif" fo:font-size="12pt" fo:font-style="normal" fo:text-shadow="none" style:text-underline-style="none" fo:font-weight="normal" officeooo:rsid="004d7f64" style:font-size-asian="12pt" style:font-style-asian="normal" style:font-weight-asian="normal" style:font-size-complex="12pt" style:font-style-complex="normal" style:font-weight-complex="normal" style:text-overline-style="none" style:text-overline-color="font-color"/></style:style><style:style style:name="T4" style:family="text"><style:text-properties fo:color="#000000" loext:opacity="100%" style:text-outline="false" style:text-line-through-style="none" style:text-line-through-type="none" style:font-name="Liberation Serif" fo:font-size="12pt" fo:font-style="normal" fo:text-shadow="none" style:text-underline-style="none" fo:font-weight="normal" officeooo:rsid="004f6df0" style:font-size-asian="12pt" style:font-style-asian="normal" style:font-weight-asian="normal" style:font-size-complex="12pt" style:font-style-complex="normal" style:font-weight-complex="normal" style:text-overline-style="none" style:text-overline-color="font-color"/></style:style><style:style style:name="T5" style:family="text"><style:text-properties fo:color="#000000" loext:opacity="100%" style:text-outline="false" style:text-line-through-style="none" style:text-line-through-type="none" style:font-name="Liberation Serif" fo:font-size="12pt" fo:font-style="normal" fo:text-shadow="none" style:text-underline-style="none" fo:font-weight="normal" officeooo:rsid="006551ee" style:font-size-asian="12pt" style:font-style-asian="normal" style:font-weight-asian="normal" style:font-size-complex="12pt" style:font-style-complex="normal" style:font-weight-complex="normal" style:text-overline-style="none" style:text-overline-color="font-color"/></style:style><style:style style:name="T6" style:family="text"><style:text-properties fo:color="#000000" loext:opacity="100%" style:text-outline="false" style:text-line-through-style="none" style:text-line-through-type="none" style:text-position="sub 58%" style:font-name="Liberation Serif" fo:font-size="12pt" fo:font-style="normal" fo:text-shadow="none" style:text-underline-style="none" fo:font-weight="normal" officeooo:rsid="006551ee" style:font-size-asian="12pt" style:font-style-asian="normal" style:font-weight-asian="normal" style:font-size-complex="12pt" style:font-style-complex="normal" style:font-weight-complex="normal" style:text-overline-style="none" style:text-overline-color="font-color"/></style:style><style:style style:name="T7" style:family="text"><style:text-properties officeooo:rsid="0027054a"/></style:style><style:style style:name="T8" style:family="text"><style:text-properties style:font-name="Liberation Sans1" fo:font-size="18.2000007629395pt" fo:font-weight="bold" officeooo:rsid="0027054a" style:font-name-asian="Noto Sans CJK SC" style:font-size-asian="18.2000007629395pt" style:font-weight-asian="bold" style:font-name-complex="Noto Sans Devanagari" style:font-size-complex="18.2000007629395pt" style:font-weight-complex="bold"/></style:style><style:style style:name="T9" style:family="text"><style:text-properties style:font-name="Liberation Sans1" fo:font-size="18.2000007629395pt" fo:font-weight="bold" officeooo:rsid="004bb215" style:font-name-asian="Noto Sans CJK SC" style:font-size-asian="18.2000007629395pt" style:font-weight-asian="bold" style:font-name-complex="Noto Sans Devanagari" style:font-size-complex="18.2000007629395pt" style:font-weight-complex="bold"/></style:style><style:style style:name="T10" style:family="text"><style:text-properties style:font-name="Liberation Sans1" fo:font-size="14.1000003814697pt" fo:font-weight="bold" officeooo:rsid="0027054a" style:font-name-asian="Noto Sans CJK SC" style:font-size-asian="14.1000003814697pt" style:font-weight-asian="bold" style:font-name-complex="Noto Sans Devanagari" style:font-size-complex="14.1000003814697pt" style:font-weight-complex="bold"/></style:style><style:style style:name="T11" style:family="text"><style:text-properties style:font-name="Liberation Sans1" fo:font-size="14.1000003814697pt" fo:font-weight="bold" officeooo:rsid="003fd588" style:font-name-asian="Noto Sans CJK SC" style:font-size-asian="14.1000003814697pt" style:font-weight-asian="bold" style:font-name-complex="Noto Sans Devanagari" style:font-size-complex="14.1000003814697pt" style:font-weight-complex="bold"/></style:style><style:style style:name="T12" style:family="text"><style:text-properties fo:font-weight="bold" style:font-weight-asian="bold" style:font-weight-complex="bold"/></style:style><style:style style:name="T13" style:family="text"><style:text-properties fo:font-weight="bold" officeooo:rsid="004d7f64" style:font-weight-asian="bold" style:font-weight-complex="bold"/></style:style><style:style style:name="T14" style:family="text"><style:text-properties fo:font-weight="normal" officeooo:rsid="004d7f64" style:font-weight-asian="normal" style:font-weight-complex="normal"/></style:style><style:style style:name="T15" style:family="text"><style:text-properties officeooo:rsid="003011ea"/></style:style><style:style style:name="T16" style:family="text"><style:text-properties officeooo:rsid="000c41be"/></style:style><style:style style:name="T17" style:family="text"><style:text-properties officeooo:rsid="005cb8af"/></style:style><style:style style:name="T18" style:family="text"><style:text-properties style:text-position="super 58%" officeooo:rsid="005cb8af"/></style:style><style:style style:name="T19" style:family="text"><style:text-properties style:text-position="0% 100%" officeooo:rsid="005cb8af"/></style:style><style:style style:name="T20" style:family="text"><style:text-properties style:font-name="Liberation Sans"/></style:style><style:style style:name="T21" style:family="text"><style:text-properties officeooo:rsid="006551ee"/></style:style><style:style style:name="T22" style:family="text"><style:text-properties style:text-position="sub 58%" officeooo:rsid="006551ee"/></style:style><style:style style:name="T23" style:family="text"><style:text-properties officeooo:rsid="006bb919"/></style:style><style:style style:name="fr1" style:family="graphic" style:parent-style-name="Graphics"><style:graphic-properties style:run-through="foreground" style:wrap="none" style:vertical-pos="top" style:vertical-rel="paragraph" style:horizontal-pos="center" style:horizontal-rel="paragraph" style:mirror="none" fo:clip="rect(0cm, 0cm, 0cm, 0cm)" draw:luminance="0%" draw:contrast="0%" draw:red="0%" draw:green="0%" draw:blue="0%" draw:gamma="100%" draw:color-inversion="false" draw:image-opacity="100%" draw:color-mode="standard"/></style:style><style:style style:name="fr2" style:family="graphic" style:parent-style-name="Graphics"><style:graphic-properties style:run-through="foreground" style:wrap="none" style:vertical-pos="top" style:vertical-rel="paragraph" style:horizontal-pos="center" style:horizontal-rel="paragraph" style:mirror="none" fo:clip="rect(0cm, 3.087cm, 0cm, 0cm)" draw:luminance="0%" draw:contrast="0%" draw:red="0%" draw:green="0%" draw:blue="0%" draw:gamma="100%" draw:color-inversion="false" draw:image-opacity="100%" draw:color-mode="standard"/></style:style><style:style style:name="fr3" style:family="graphic" style:parent-style-name="Graphics"><style:graphic-properties style:horizontal-pos="center" style:horizontal-rel="paragraph" style:mirror="none" fo:clip="rect(0cm, 0cm, 0cm, 0cm)" draw:luminance="0%" draw:contrast="0%" draw:red="0%" draw:green="0%" draw:blue="0%" draw:gamma="100%" draw:color-inversion="false" draw:image-opacity="100%" draw:color-mode="standard"/></style:style><style:style style:name="fr4" style:family="graphic" style:parent-style-name="Graphics"><style:graphic-properties style:vertical-pos="top" style:vertical-rel="paragraph" style:mirror="none" fo:clip="rect(0cm, 0cm, 0cm, 0cm)" draw:luminance="0%" draw:contrast="0%" draw:red="0%" draw:green="0%" draw:blue="0%" draw:gamma="100%" draw:color-inversion="false" draw:image-opacity="100%" draw:color-mode="standard"/></style:style><style:style style:name="fr5" style:family="graphic" style:parent-style-name="Graphics"><style:graphic-properties style:run-through="foreground" style:wrap="none" style:horizontal-pos="center" style:horizontal-rel="paragraph" style:mirror="none" fo:clip="rect(0cm, 0cm, 0cm, 0cm)" draw:luminance="0%" draw:contrast="0%" draw:red="0%" draw:green="0%" draw:blue="0%" draw:gamma="100%" draw:color-inversion="false" draw:image-opacity="100%" draw:color-mode="standard"/></style:style><style:style style:name="fr6" style:family="graphic" style:parent-style-name="Formula"><style:graphic-properties style:vertical-pos="from-top" style:horizontal-pos="from-left" style:horizontal-rel="paragraph-content" draw:ole-draw-aspect="1"/></style:style></office:automatic-styles><office:body><office:text text:use-soft-page-breaks="true"><office:forms form:automatic-focus="false" form:apply-design-mode="false"/><text:tracked-changes><text:changed-region xml:id="ct167547152" text:id="ct167547152"><text:insertion><office:change-info><dc:creator>&lt;анонимный&gt;</dc:creator><dc:date>2020-11-03T20:00:52</dc:date></office:change-info></text:insertion></text:changed-region><text:changed-region xml:id="ct159129632" text:id="ct159129632"><text:deletion><office:change-info><dc:creator>&lt;анонимный&gt;</dc:creator><dc:date>2020-11-03T20:01:12</dc:date></office:change-info><text:p text:style-name="P28"><text:span text:style-name="T19"/></text:p><text:p text:style-name="P29"/><text:p text:style-name="P28"><text:span text:style-name="T19"/></text:p></text:deletion></text:changed-region><text:changed-region xml:id="ct190818784" text:id="ct190818784"><text:insertion><office:change-info><dc:creator>&lt;анонимный&gt;</dc:creator><dc:date>2020-11-03T20:01:17</dc:date></office:change-info></text:insertion></text:changed-region><text:changed-region xml:id="ct155804944" text:id="ct155804944"><text:insertion><office:change-info><dc:creator>&lt;анонимный&gt;</dc:creator><dc:date>2020-11-03T20:00:34</dc:date></office:change-info></text:insertion></text:changed-region><text:changed-region xml:id="ct200713040" text:id="ct200713040"><text:insertion><office:change-info><dc:creator>&lt;анонимный&gt;</dc:creator><dc:date>2020-11-03T20:01:53</dc:date></office:change-info></text:insertion></text:changed-region><text:changed-region xml:id="ct192511120" text:id="ct192511120"><text:insertion><office:change-info><dc:creator>&lt;анонимный&gt;</dc:creator><dc:date>2020-11-03T20:01:58</dc:date></office:change-info></text:insertion></text:changed-region><text:changed-region xml:id="ct105535168" text:id="ct105535168"><text:insertion><office:change-info><dc:creator>&lt;анонимный&gt;</dc:creator><dc:date>2020-11-03T20:02:00</dc:date></office:change-info></text:insertion></text:changed-region><text:changed-region xml:id="ct152695936" text:id="ct152695936"><text:deletion><office:change-info><dc:creator>&lt;анонимный&gt;</dc:creator><dc:date>2020-11-03T20:00:25</dc:date></office:change-info><text:p text:style-name="P14"/><text:p text:style-name="P14"/></text:deletion></text:changed-region><text:changed-region xml:id="ct159016848" text:id="ct159016848"><text:insertion><office:change-info><dc:creator>&lt;анонимный&gt;</dc:creator><dc:date>2020-11-03T20:00:14</dc:date></office:change-info></text:insertion></text:changed-region></text:tracked-changes><text:sequence-decls><text:sequence-decl text:display-outline-level="0" text:name="Illustration"/><text:sequence-decl text:display-outline-level="0" text:name="Table"/><text:sequence-decl text:display-outline-level="0" text:name="Text"/><text:sequence-decl text:display-outline-level="0" text:name="Drawing"/><text:sequence-decl text:display-outline-level="0" text:name="Figure"/></text:sequence-decls><text:h text:style-name="Heading_20_1" text:outline-level="1"><text:span text:style-name="T8">Лабораторная работа №</text:span><text:span text:style-name="T9">7</text:span></text:h><text:h text:style-name="P20" text:outline-level="3">Задание 1</text:h><text:p text:style-name="Text_20_body"><text:span text:style-name="T12">Постановка задачи:</text:span> С клавиатуры вводится трехзначное число, считается сумма его цифр. Если сумма цифр числа больше 10, то вводится следующее трехзначное число, если сумма меньше либо равна 10 – программа завершается.</text:p><text:p text:style-name="P13"/><text:p text:style-name="P14">Блок-схема</text:p><text:p text:style-name="P14"><draw:frame draw:style-name="fr5" draw:name="Изображение3" text:anchor-type="char" svg:width="9.763cm" svg:height="10.044cm" draw:z-index="1"><draw:image xlink:href="Pictures/100002010000015B00000165A3AE8D1424F29045.png" xlink:type="simple" xlink:show="embed" xlink:actuate="onLoad" draw:mime-type="image/png"/></draw:frame></text:p><text:p text:style-name="P14"/><text:p text:style-name="P14">Описание переменных</text:p><table:table table:name="Таблица1" table:style-name="Таблица1" table:template-name="Default Style"><table:table-column table:style-name="Таблица1.A" table:number-columns-repeated="3"/><table:table-row><table:table-cell table:style-name="Таблица1.A1" office:value-type="string"><text:p text:style-name="P9">Переменная</text:p></table:table-cell><table:table-cell table:style-name="Таблица1.A1" office:value-type="string"><text:p text:style-name="P9">Тип</text:p></table:table-cell><table:table-cell table:style-name="Таблица1.C1" office:value-type="string"><text:p text:style-name="P9">Суть</text:p></table:table-cell></table:table-row><table:table-row table:style-name="Таблица1.2"><table:table-cell table:style-name="Таблица1.A2" office:value-type="string"><text:p text:style-name="P4">x</text:p></table:table-cell><table:table-cell table:style-name="Таблица1.A2" office:value-type="string"><text:p text:style-name="P4">integer</text:p></table:table-cell><table:table-cell table:style-name="Таблица1.C2" office:value-type="string"><text:p text:style-name="P5"><text:span text:style-name="T15">С</text:span>умма цифр вводимого числа</text:p></table:table-cell></table:table-row><table:table-row table:style-name="Таблица1.2"><table:table-cell table:style-name="Таблица1.A2" office:value-type="string"><text:p text:style-name="P5">sum</text:p></table:table-cell><table:table-cell table:style-name="Таблица1.A2" office:value-type="string"><text:p text:style-name="P5">boolean</text:p></table:table-cell><table:table-cell table:style-name="Таблица1.C2" office:value-type="string"><text:p text:style-name="P5">Справедливость суждения </text:p><text:p text:style-name="P5">x &lt;= 10 для n</text:p></table:table-cell></table:table-row><table:table-row table:style-name="Таблица1.2"><table:table-cell table:style-name="Таблица1.A2" office:value-type="string"><text:p text:style-name="P4">n</text:p></table:table-cell><table:table-cell table:style-name="Таблица1.A2" office:value-type="string"><text:p text:style-name="P4">integer</text:p></table:table-cell><table:table-cell table:style-name="Таблица1.C2" office:value-type="string"><text:p text:style-name="P11"><text:span text:style-name="T3">Вводимое </text:span><text:span text:style-name="T4">число</text:span></text:p></table:table-cell></table:table-row></table:table><text:p text:style-name="P14"/><text:p text:style-name="P14"><text:soft-page-break/>Код программы</text:p><text:p text:style-name="P15"> <draw:frame draw:style-name="fr4" draw:name="Изображение2" text:anchor-type="char" svg:width="17cm" svg:height="14.693cm" draw:z-index="0"><draw:image xlink:href="Pictures/10000000000003B7000003369FB012DD04528E6A.png" xlink:type="simple" xlink:show="embed" xlink:actuate="onLoad" draw:mime-type="image/png"/></draw:frame></text:p><text:h text:style-name="P21" text:outline-level="3"><text:change-start text:change-id="ct167547152"/></text:h><text:h text:style-name="P21" text:outline-level="3"/><text:h text:style-name="P21" text:outline-level="3"/><text:p text:style-name="P26"/><text:p text:style-name="P26"/><text:p text:style-name="P26"/><text:h text:style-name="P21" text:outline-level="3"><text:change-end text:change-id="ct167547152"/><text:soft-page-break/>Задание <text:span text:style-name="T7">2</text:span>: <text:span text:style-name="T10">Индивидуальное задание №</text:span><text:span text:style-name="T11">27</text:span></text:h><text:p text:style-name="P16"><text:span text:style-name="T13">Постановка задачи: </text:span><text:span text:style-name="T14">Решить нелинейное уравнение методом Ньютона.</text:span></text:p><text:p text:style-name="P28"><draw:frame draw:style-name="fr6" draw:name="Объект1" text:anchor-type="as-char" svg:y="-0.386cm" svg:width="3.729cm" svg:height="0.542cm" draw:z-index="2"><draw:object xlink:href="./Object 1" xlink:type="simple" xlink:show="embed" xlink:actuate="onLoad"/><draw:image xlink:href="./ObjectReplacements/Object 1" xlink:type="simple" xlink:show="embed" xlink:actuate="onLoad"/></draw:frame><text:span text:style-name="T17">на отрезке от 0,1 до 10 с точностью 10</text:span><text:span text:style-name="T18">-6</text:span><text:span text:style-name="T19">.</text:span><text:change text:change-id="ct159129632"/></text:p><text:h text:style-name="P22" text:outline-level="3">Решение</text:h><text:h text:style-name="P23" text:outline-level="3">Математическая модель</text:h><text:p text:style-name="P14"><draw:frame draw:style-name="fr6" draw:name="Объект5" text:anchor-type="as-char" svg:y="-0.693cm" svg:width="3.463cm" svg:height="1.145cm" draw:z-index="4"><draw:object xlink:href="./Object 2" xlink:type="simple" xlink:show="embed" xlink:actuate="onLoad"/><draw:image xlink:href="./ObjectReplacements/Object 2" xlink:type="simple" xlink:show="embed" xlink:actuate="onLoad"/><svg:desc>формула</svg:desc></draw:frame></text:p><text:p text:style-name="P14"><draw:frame draw:style-name="fr6" draw:name="Объект4" text:anchor-type="as-char" svg:y="-0.386cm" svg:width="3.967cm" svg:height="0.542cm" draw:z-index="5"><draw:object xlink:href="./Object 4" xlink:type="simple" xlink:show="embed" xlink:actuate="onLoad"/><draw:image xlink:href="./ObjectReplacements/Object 4" xlink:type="simple" xlink:show="embed" xlink:actuate="onLoad"/></draw:frame></text:p><text:p text:style-name="P17"><draw:frame draw:style-name="fr6" draw:name="Объект3" text:anchor-type="as-char" svg:y="-0.66cm" svg:width="3.794cm" svg:height="1.078cm" draw:z-index="3"><draw:object xlink:href="./Object 3" xlink:type="simple" xlink:show="embed" xlink:actuate="onLoad"/><draw:image xlink:href="./ObjectReplacements/Object 3" xlink:type="simple" xlink:show="embed" xlink:actuate="onLoad"/></draw:frame></text:p><text:p text:style-name="P17"><text:change-start text:change-id="ct190818784"/></text:p><text:p text:style-name="P17"/><text:p text:style-name="P17"/><text:p text:style-name="P17"/><text:p text:style-name="P17"/><text:p text:style-name="P17"/><text:p text:style-name="P17"/><text:p text:style-name="P17"/><text:p text:style-name="P17"/><text:p text:style-name="P17"/><text:p text:style-name="P17"/><text:p text:style-name="P17"/><text:p text:style-name="P17"/><text:p text:style-name="P17"/><text:p text:style-name="P17"/><text:p text:style-name="P17"/><text:p text:style-name="P17"/><text:p text:style-name="P17"><text:change-end text:change-id="ct190818784"/></text:p><text:p text:style-name="P14"><text:soft-page-break/>Блок-схема</text:p><text:p text:style-name="P14"><draw:frame draw:style-name="fr1" draw:name="Изображение5" text:anchor-type="char" svg:width="15.984cm" svg:height="17.575cm" draw:z-index="7"><draw:image xlink:href="Pictures/10000201000007600000081C0388978FD1296AFD.png" xlink:type="simple" xlink:show="embed" xlink:actuate="onLoad" draw:mime-type="image/png"/></draw:frame><text:change-start text:change-id="ct155804944"/></text:p><text:p text:style-name="P14"><text:change-end text:change-id="ct155804944"/><text:change-start text:change-id="ct200713040"/></text:p><text:p text:style-name="P14"/><text:p text:style-name="P14"/><text:p text:style-name="P14"><text:change-end text:change-id="ct200713040"/></text:p><text:p text:style-name="P14"><text:soft-page-break/>Описание переменных</text:p><table:table table:name="Таблица2" table:style-name="Таблица2"><table:table-column table:style-name="Таблица2.A" table:number-columns-repeated="3"/><table:table-row><table:table-cell table:style-name="Таблица2.A1" office:value-type="string"><text:p text:style-name="P10">Переменная</text:p></table:table-cell><table:table-cell table:style-name="Таблица2.A1" office:value-type="string"><text:p text:style-name="P10">Тип</text:p></table:table-cell><table:table-cell table:style-name="Таблица2.C1" office:value-type="string"><text:p text:style-name="P10">Суть</text:p></table:table-cell></table:table-row><table:table-row><table:table-cell table:style-name="Таблица2.A2" office:value-type="string"><text:p text:style-name="P8">x0</text:p></table:table-cell><table:table-cell table:style-name="Таблица2.A2" office:value-type="string"><text:p text:style-name="P8">real</text:p></table:table-cell><table:table-cell table:style-name="Таблица2.C2" office:value-type="string"><text:p text:style-name="P12"><text:span text:style-name="T5">Значение X</text:span><text:span text:style-name="T6">i - 1</text:span></text:p></table:table-cell></table:table-row><table:table-row><table:table-cell table:style-name="Таблица2.A2" office:value-type="string"><text:p text:style-name="P6">x</text:p></table:table-cell><table:table-cell table:style-name="Таблица2.A2" office:value-type="string"><text:p text:style-name="P6">real</text:p></table:table-cell><table:table-cell table:style-name="Таблица2.C2" office:value-type="string"><text:p text:style-name="P7"><text:span text:style-name="T21">Значение X</text:span><text:span text:style-name="T22">i</text:span></text:p></table:table-cell></table:table-row><table:table-row><table:table-cell table:style-name="Таблица2.A2" office:value-type="string"><text:p text:style-name="P6">a</text:p></table:table-cell><table:table-cell table:style-name="Таблица2.A2" office:value-type="string"><text:p text:style-name="P6">real</text:p></table:table-cell><table:table-cell table:style-name="Таблица2.C2" office:value-type="string"><text:p text:style-name="P6">Нижняя граница рассматриваемого диапазона значений X</text:p></table:table-cell></table:table-row><table:table-row><table:table-cell table:style-name="Таблица2.A2" office:value-type="string"><text:p text:style-name="P6">pch</text:p></table:table-cell><table:table-cell table:style-name="Таблица2.A2" office:value-type="string"><text:p text:style-name="P6">real</text:p></table:table-cell><table:table-cell table:style-name="Таблица2.C2" office:value-type="string"><text:p text:style-name="P6">Правая часть уравнения</text:p></table:table-cell></table:table-row><table:table-row table:style-name="Таблица2.6"><table:table-cell table:style-name="Таблица2.A2" office:value-type="string"><text:p text:style-name="P6">pog</text:p></table:table-cell><table:table-cell table:style-name="Таблица2.A2" office:value-type="string"><text:p text:style-name="P6">real</text:p></table:table-cell><table:table-cell table:style-name="Таблица2.C2" office:value-type="string"><text:p text:style-name="P6">Допустимая погрешность <text:span text:style-name="T20">ε</text:span> по условию задачи</text:p></table:table-cell></table:table-row><table:table-row table:style-name="Таблица2.6"><table:table-cell table:style-name="Таблица2.A2" office:value-type="string"><text:p text:style-name="P6">curr_pog</text:p></table:table-cell><table:table-cell table:style-name="Таблица2.A2" office:value-type="string"><text:p text:style-name="P6">real</text:p></table:table-cell><table:table-cell table:style-name="Таблица2.C2" office:value-type="string"><text:p text:style-name="P6">Текущая погрешность <text:span text:style-name="T20">ε</text:span></text:p></table:table-cell></table:table-row></table:table><text:p text:style-name="P14"><text:change-start text:change-id="ct192511120"/></text:p><text:p text:style-name="P14"/><text:p text:style-name="P14"/><text:p text:style-name="P14"/><text:p text:style-name="P14"/><text:p text:style-name="P14"/><text:p text:style-name="P14"/><text:p text:style-name="P14"/><text:p text:style-name="P14"/><text:p text:style-name="P14"/><text:p text:style-name="P14"/><text:p text:style-name="P14"><text:change-end text:change-id="ct192511120"/><text:change-start text:change-id="ct105535168"/></text:p><text:p text:style-name="P14"/><text:p text:style-name="P14"/><text:p text:style-name="P14"/><text:p text:style-name="P14"/><text:p text:style-name="P14"><text:change-end text:change-id="ct105535168"/></text:p><text:p text:style-name="P14"><text:soft-page-break/>Код программы<text:change text:change-id="ct152695936"/><text:change-start text:change-id="ct159016848"/></text:p><text:p text:style-name="P24"><draw:frame draw:style-name="fr3" draw:name="Изображение1" text:anchor-type="char" svg:width="1.997cm" svg:height="0.499cm" draw:z-index="8"><draw:image xlink:href="Pictures/100000000000043C000003777DCD103E26DC7980.png" xlink:type="simple" xlink:show="embed" xlink:actuate="onLoad" draw:mime-type="image/png"/></draw:frame><draw:frame draw:style-name="fr2" draw:name="Изображение4" text:anchor-type="char" svg:width="17.547cm" svg:height="16.589cm" draw:z-index="6"><draw:image xlink:href="Pictures/100000000000043C000003777DCD103E26DC7980.png" xlink:type="simple" xlink:show="embed" xlink:actuate="onLoad" draw:mime-type="image/png"/></draw:frame><text:change-end text:change-id="ct159016848"/></text:p></office:text></office:body></office:document-content>