<?xml version="1.0" encoding="UTF-8"?>
<office:document-meta xmlns:grddl="http://www.w3.org/2003/g/data-view#" xmlns:meta="urn:oasis:names:tc:opendocument:xmlns:meta:1.0" xmlns:dc="http://purl.org/dc/elements/1.1/" xmlns:xlink="http://www.w3.org/1999/xlink" xmlns:ooo="http://openoffice.org/2004/office" xmlns:office="urn:oasis:names:tc:opendocument:xmlns:office:1.0" office:version="1.3"><office:meta><meta:creation-date>2020-09-13T14:13:34.495142326</meta:creation-date><dc:date>2020-11-03T20:02:30.952948785</dc:date><meta:editing-duration>P1DT58M33S</meta:editing-duration><meta:editing-cycles>57</meta:editing-cycles><meta:generator>LibreOffice/7.0.1.2$Linux_X86_64 LibreOffice_project/7cbcfc562f6eb6708b5ff7d7397325de9e764452</meta:generator><meta:document-statistic meta:table-count="2" meta:image-count="5" meta:object-count="4" meta:page-count="6" meta:paragraph-count="56" meta:word-count="143" meta:character-count="926" meta:non-whitespace-character-count="832"/></office:meta></office:document-meta>